INSERT INTO public.fuel_types (name) VALUES
  ('Petrol'),
  ('Diesel'),
  ('Hybrid'),
  ('Electric')
ON CONFLICT (name) DO NOTHING;

INSERT INTO public.drive_types (name) VALUES
  ('FWD'),
  ('RWD'),
  ('AWD'),
  ('4WD'),
  ('FWD / AWD'),
  ('RWD / AWD')
ON CONFLICT (name) DO NOTHING;

INSERT INTO public.body_types (name) VALUES
  ('Hatchback'),
  ('Sedan'),
  ('SUV'),
  ('Crossover'),
  ('Coupe'),
  ('Wagon'),
  ('Pickup'),
  ('Sports Coupe'),
  ('Hybrid Hatchback'),
  ('Microvan'),
  ('City Car'),
  ('Mini Car'),
  ('Small SUV'),
  ('MPV'),
  ('Convertible'),
  ('Convertible GT'),
  ('Luxury Sedan'),
  ('Ultra-Luxury Sedan'),
  ('Grand Tourer'),
  ('Hot Hatch'),
  ('Electric Hatchback'),
  ('Performance Sedan'),
  ('Sports Sedan'),
  ('Off-Road SUV'),
  ('Roadster'),
  ('Hypercar'),
  ('Speed Record Hypercar'),
  ('4-seat Hypercar'),
  ('Large SUV'),
  ('Super Wagon'),
  ('Minivan'),
  ('Van'),
  ('Full-Size SUV'),
  ('Luxury SUV'),
  ('Shooting Brake'),
  ('Estate / Wagon'),
  ('Compact Hatchback'),
  ('Subcompact Hatchback'),
  ('Subcompact SUV'),
  ('Compact SUV'),
  ('Micro SUV'),
  ('Large MPV'),
  ('Executive Sedan'),
  ('Luxury GT'),
  ('Sportback'),
  ('Coupe SUV'),
  ('Electric Crossover'),
  ('Electric Sedan'),
  ('Truck'),
  ('Hyper-EV'),
  ('Supercar'),
  ('Grand Tourer')
ON CONFLICT (name) DO NOTHING;

INSERT INTO public.brands (name) VALUES
  ('Toyota'),
  ('Tesla'),
  ('Subaru'),
  ('Renault'),
  ('Opel'),
  ('Mitsubishi'),
  ('Kia'),
  ('Hyundai'),
  ('Volkswagen'),
  ('Mercedes-Benz'),
  ('BMW'),
  ('Koenigsegg'),
  ('Ferrari'),
  ('Bentley'),
  ('Audi')
ON CONFLICT (name) DO NOTHING;

INSERT INTO public.cars (
  brand_id,
  model,
  year,
  engine,
  horsepower,
  fuel,
  consumption,
  drivetrain,
  body_type,
  price_new,
  price_used,
  price_new_eur,
  price_used_min_eur,
  price_used_max_eur,
  fuel_type_id,
  drive_type_id,
  body_type_id,
  consumption_value,
  consumption_unit
)
VALUES
  ((SELECT id FROM public.brands WHERE name = 'Toyota' LIMIT 1), 'YARIS', 2006, '1.3L Petrol', 87, 'Petrol', '5.9 L/100km', 'FWD', 'Hatchback', '€12,000', '€2,000–€3,000', 12000.00, 2000.00, 3000.00, (SELECT id FROM public.fuel_types WHERE name = 'Petrol'), (SELECT id FROM public.drive_types WHERE name = 'FWD'), (SELECT id FROM public.body_types WHERE name = 'Hatchback'), 5.9, 'L/100km'),
  ((SELECT id FROM public.brands WHERE name = 'Toyota' LIMIT 1), 'YARIS', 2014, '1.4 D-4D', 90, 'Diesel', '4.0 L/100km', 'FWD', 'Hatchback', '€14,000', '€6,000–€8,000', 14000.00, 6000.00, 8000.00, (SELECT id FROM public.fuel_types WHERE name = 'Diesel'), (SELECT id FROM public.drive_types WHERE name = 'FWD'), (SELECT id FROM public.body_types WHERE name = 'Hatchback'), 4.0, 'L/100km'),
  ((SELECT id FROM public.brands WHERE name = 'Toyota' LIMIT 1), 'YARIS HYBRID', 2020, '1.5 Hybrid', 116, 'Hybrid', '3.5 L/100km', 'FWD', 'Hybrid Hatchback', '€19,000', '€16,000–€18,000', 19000.00, 16000.00, 18000.00, (SELECT id FROM public.fuel_types WHERE name = 'Hybrid'), (SELECT id FROM public.drive_types WHERE name = 'FWD'), (SELECT id FROM public.body_types WHERE name = 'Hybrid Hatchback'), 3.5, 'L/100km'),
  ((SELECT id FROM public.brands WHERE name = 'Toyota' LIMIT 1), 'COROLLA', 2005, '1.6L Petrol', 110, 'Petrol', '7.0 L/100km', 'FWD', 'Sedan', '€17,000', '€2,000–€3,000', 17000.00, 2000.00, 3000.00, (SELECT id FROM public.fuel_types WHERE name = 'Petrol'), (SELECT id FROM public.drive_types WHERE name = 'FWD'), (SELECT id FROM public.body_types WHERE name = 'Sedan'), 7.0, 'L/100km'),
  ((SELECT id FROM public.brands WHERE name = 'Toyota' LIMIT 1), 'COROLLA', 2012, '1.4 D-4D', 90, 'Diesel', '4.2 L/100km', 'FWD', 'Hatchback', '€19,000', '€6,000–€8,000', 19000.00, 6000.00, 8000.00, (SELECT id FROM public.fuel_types WHERE name = 'Diesel'), (SELECT id FROM public.drive_types WHERE name = 'FWD'), (SELECT id FROM public.body_types WHERE name = 'Hatchback'), 4.2, 'L/100km'),
  ((SELECT id FROM public.brands WHERE name = 'Toyota' LIMIT 1), 'COROLLA HYBRID', 2021, '1.8 Hybrid', 122, 'Hybrid', '4.0 L/100km', 'FWD', 'Sedan/Hatch', '€26,000', '€22,000–€25,000', 26000.00, 22000.00, 25000.00, (SELECT id FROM public.fuel_types WHERE name = 'Hybrid'), (SELECT id FROM public.drive_types WHERE name = 'FWD'), NULL, 4.0, 'L/100km'),
  ((SELECT id FROM public.brands WHERE name = 'Toyota' LIMIT 1), 'AURIS', 2008, '1.6L Petrol', 124, 'Petrol', '6.7 L/100km', 'FWD', 'Hatchback', '€18,000', '€3,000–€5,000', 18000.00, 3000.00, 5000.00, (SELECT id FROM public.fuel_types WHERE name = 'Petrol'), (SELECT id FROM public.drive_types WHERE name = 'FWD'), (SELECT id FROM public.body_types WHERE name = 'Hatchback'), 6.7, 'L/100km'),
  ((SELECT id FROM public.brands WHERE name = 'Toyota' LIMIT 1), 'AURIS HYBRID', 2014, '1.8 Hybrid', 136, 'Hybrid', '3.7 L/100km', 'FWD', 'Hatchback', '€22,000', '€10,000–€14,000', 22000.00, 10000.00, 14000.00, (SELECT id FROM public.fuel_types WHERE name = 'Hybrid'), (SELECT id FROM public.drive_types WHERE name = 'FWD'), (SELECT id FROM public.body_types WHERE name = 'Hatchback'), 3.7, 'L/100km'),
  ((SELECT id FROM public.brands WHERE name = 'Toyota' LIMIT 1), 'PRIUS', 2007, '1.5 Hybrid', 110, 'Hybrid', '4.1 L/100km', 'FWD', 'Hybrid Sedan', '€23,000', '€3,000–€5,000', 23000.00, 3000.00, 5000.00, (SELECT id FROM public.fuel_types WHERE name = 'Hybrid'), (SELECT id FROM public.drive_types WHERE name = 'FWD'), (SELECT id FROM public.body_types WHERE name = 'Hybrid Sedan'), 4.1, 'L/100km'),
  ((SELECT id FROM public.brands WHERE name = 'Toyota' LIMIT 1), 'PRIUS', 2016, '1.8 Hybrid', 122, 'Hybrid', '3.4 L/100km', 'FWD', 'Hybrid Sedan', '€30,000', '€15,000–€18,000', 30000.00, 15000.00, 18000.00, (SELECT id FROM public.fuel_types WHERE name = 'Hybrid'), (SELECT id FROM public.drive_types WHERE name = 'FWD'), (SELECT id FROM public.body_types WHERE name = 'Hybrid Sedan'), 3.4, 'L/100km'),
  ((SELECT id FROM public.brands WHERE name = 'Toyota' LIMIT 1), 'CAMRY', 2010, '2.4L Petrol', 167, 'Petrol', '8.5 L/100km', 'FWD', 'Sedan', '€25,000', '€6,000–€8,000', 25000.00, 6000.00, 8000.00, (SELECT id FROM public.fuel_types WHERE name = 'Petrol'), (SELECT id FROM public.drive_types WHERE name = 'FWD'), (SELECT id FROM public.body_types WHERE name = 'Sedan'), 8.5, 'L/100km'),
  ((SELECT id FROM public.brands WHERE name = 'Toyota' LIMIT 1), 'CAMRY HYBRID', 2019, '2.5L Hybrid', 218, 'Hybrid', '4.2 L/100km', 'FWD', 'Sedan', '€36,000', '€25,000–€30,000', 36000.00, 25000.00, 30000.00, (SELECT id FROM public.fuel_types WHERE name = 'Hybrid'), (SELECT id FROM public.drive_types WHERE name = 'FWD'), (SELECT id FROM public.body_types WHERE name = 'Sedan'), 4.2, 'L/100km'),
  ((SELECT id FROM public.brands WHERE name = 'Toyota' LIMIT 1), 'AVENSIS', 2009, '1.6L Petrol', 132, 'Petrol', '6.5 L/100km', 'FWD', 'Sedan', '€24,000', '€3,000–€5,000', 24000.00, 3000.00, 5000.00, (SELECT id FROM public.fuel_types WHERE name = 'Petrol'), (SELECT id FROM public.drive_types WHERE name = 'FWD'), (SELECT id FROM public.body_types WHERE name = 'Sedan'), 6.5, 'L/100km'),
  ((SELECT id FROM public.brands WHERE name = 'Toyota' LIMIT 1), 'AVENSIS', 2015, '1.8L Petrol', 147, 'Petrol', '6.1 L/100km', 'FWD', 'Sedan', '€28,000', '€12,000–€15,000', 28000.00, 12000.00, 15000.00, (SELECT id FROM public.fuel_types WHERE name = 'Petrol'), (SELECT id FROM public.drive_types WHERE name = 'FWD'), (SELECT id FROM public.body_types WHERE name = 'Sedan'), 6.1, 'L/100km'),
  ((SELECT id FROM public.brands WHERE name = 'Toyota' LIMIT 1), 'RAV4', 2008, '2.2 D-4D', 136, 'Diesel', '6.6 L/100km', 'AWD', 'SUV', '€30,000', '€6,000–€9,000', 30000.00, 6000.00, 9000.00, (SELECT id FROM public.fuel_types WHERE name = 'Diesel'), (SELECT id FROM public.drive_types WHERE name = 'AWD'), (SELECT id FROM public.body_types WHERE name = 'SUV'), 6.6, 'L/100km'),
  ((SELECT id FROM public.brands WHERE name = 'Toyota' LIMIT 1), 'RAV4 HYBRID', 2016, '2.5L Hybrid', 197, 'Hybrid', '5.0 L/100km', 'AWD', 'SUV', '€35,000', '€20,000–€25,000', 35000.00, 20000.00, 25000.00, (SELECT id FROM public.fuel_types WHERE name = 'Hybrid'), (SELECT id FROM public.drive_types WHERE name = 'AWD'), (SELECT id FROM public.body_types WHERE name = 'SUV'), 5.0, 'L/100km'),
  ((SELECT id FROM public.brands WHERE name = 'Toyota' LIMIT 1), 'RAV4', 2021, '2.5 Hybrid', 222, 'Hybrid', '4.7 L/100km', 'FWD / AWD', 'SUV', '€38,000', '€32,000–€35,000', 38000.00, 32000.00, 35000.00, (SELECT id FROM public.fuel_types WHERE name = 'Hybrid'), NULL, (SELECT id FROM public.body_types WHERE name = 'SUV'), 4.7, 'L/100km'),
  ((SELECT id FROM public.brands WHERE name = 'Toyota' LIMIT 1), 'HIGHLANDER', 2010, '3.5L V6', 270, 'Petrol', '10.4 L/100km', 'AWD', 'SUV', '€35,000', '€9,000–€12,000', 35000.00, 9000.00, 12000.00, (SELECT id FROM public.fuel_types WHERE name = 'Petrol'), (SELECT id FROM public.drive_types WHERE name = 'AWD'), (SELECT id FROM public.body_types WHERE name = 'SUV'), 10.4, 'L/100km'),
  ((SELECT id FROM public.brands WHERE name = 'Toyota' LIMIT 1), 'HIGHLANDER HYBRID', 2021, '2.5L Hybrid', 243, 'Hybrid', '6.6 L/100km', 'AWD', 'SUV', '€45,000', '€35,000–€40,000', 45000.00, 35000.00, 40000.00, (SELECT id FROM public.fuel_types WHERE name = 'Hybrid'), (SELECT id FROM public.drive_types WHERE name = 'AWD'), (SELECT id FROM public.body_types WHERE name = 'SUV'), 6.6, 'L/100km'),
  ((SELECT id FROM public.brands WHERE name = 'Toyota' LIMIT 1), 'LAND CRUISER', 2008, '4.5 V8 Diesel', 286, 'Diesel', '11.0 L/100km', 'AWD', 'Off-Road SUV', '€60,000', '€18,000–€25,000', 60000.00, 18000.00, 25000.00, (SELECT id FROM public.fuel_types WHERE name = 'Diesel'), (SELECT id FROM public.drive_types WHERE name = 'AWD'), (SELECT id FROM public.body_types WHERE name = 'Off-Road SUV'), 11.0, 'L/100km'),
  ((SELECT id FROM public.brands WHERE name = 'Toyota' LIMIT 1), 'LAND CRUISER', 2016, '4.5 V8 Diesel', 272, 'Diesel', '10.5 L/100km', 'AWD', 'Off-Road SUV', '€75,000', '€45,000–€55,000', 75000.00, 45000.00, 55000.00, (SELECT id FROM public.fuel_types WHERE name = 'Diesel'), (SELECT id FROM public.drive_types WHERE name = 'AWD'), (SELECT id FROM public.body_types WHERE name = 'Off-Road SUV'), 10.5, 'L/100km'),
  ((SELECT id FROM public.brands WHERE name = 'Toyota' LIMIT 1), 'LAND CRUISER', 2021, '2.8L Diesel', 204, 'Diesel', '7.9 L/100km', 'AWD', 'SUV', '€80,000', '€70,000–€75,000', 80000.00, 70000.00, 75000.00, (SELECT id FROM public.fuel_types WHERE name = 'Diesel'), (SELECT id FROM public.drive_types WHERE name = 'AWD'), (SELECT id FROM public.body_types WHERE name = 'SUV'), 7.9, 'L/100km'),
  ((SELECT id FROM public.brands WHERE name = 'Toyota' LIMIT 1), 'HILUX', 2012, '3.0L Diesel', 171, 'Diesel', '8.0 L/100km', 'AWD', 'Pickup', '€30,000', '€10,000–€15,000', 30000.00, 10000.00, 15000.00, (SELECT id FROM public.fuel_types WHERE name = 'Diesel'), (SELECT id FROM public.drive_types WHERE name = 'AWD'), (SELECT id FROM public.body_types WHERE name = 'Pickup'), 8.0, 'L/100km'),
  ((SELECT id FROM public.brands WHERE name = 'Toyota' LIMIT 1), 'HILUX', 2020, '2.8L Diesel', 204, 'Diesel', '7.8 L/100km', 'AWD', 'Pickup', '€38,000', '€30,000–€35,000', 38000.00, 30000.00, 35000.00, (SELECT id FROM public.fuel_types WHERE name = 'Diesel'), (SELECT id FROM public.drive_types WHERE name = 'AWD'), (SELECT id FROM public.body_types WHERE name = 'Pickup'), 7.8, 'L/100km'),
  ((SELECT id FROM public.brands WHERE name = 'Toyota' LIMIT 1), 'SUPRA', 1998, '3.0 Twin-Turbo', 330, 'Petrol', '10.3 L/100km', 'RWD', 'Sports Coupe', '€45,000', '€40,000–€90,000', 45000.00, 40000.00, 90000.00, (SELECT id FROM public.fuel_types WHERE name = 'Petrol'), (SELECT id FROM public.drive_types WHERE name = 'RWD'), (SELECT id FROM public.body_types WHERE name = 'Sports Coupe'), 10.3, 'L/100km'),
  ((SELECT id FROM public.brands WHERE name = 'Toyota' LIMIT 1), 'SUPRA', 2020, '3.0L Turbo', 340, 'Petrol', '7.5 L/100km', 'RWD', 'Sports Coupe', '€50,000', '€45,000–€55,000', 50000.00, 45000.00, 55000.00, (SELECT id FROM public.fuel_types WHERE name = 'Petrol'), (SELECT id from public.drive_types WHERE name = 'RWD'), (SELECT id FROM public.body_types WHERE name = 'Sports Coupe'), 7.5, 'L/100km'),
  ((SELECT id FROM public.brands WHERE name = 'Toyota' LIMIT 1), 'GT86', 2014, '2.0L Petrol', 200, 'Petrol', '7.1 L/100km', 'RWD', 'Sports Coupe', '€30,000', '€12,000–€16,000', 30000.00, 12000.00, 16000.00, (SELECT id FROM public.fuel_types WHERE name = 'Petrol'), (SELECT id FROM public.drive_types WHERE name = 'RWD'), (SELECT id FROM public.body_types WHERE name = 'Sports Coupe'), 7.1, 'L/100km'),
  ((SELECT id FROM public.brands WHERE name = 'Toyota' LIMIT 1), 'C-HR HYBRID', 2018, '1.8 Hybrid', 122, 'Hybrid', '4.1 L/100km', 'FWD', 'Crossover', '€28,000', '€18,000–€23,000', 28000.00, 18000.00, 23000.00, (SELECT id FROM public.fuel_types WHERE name = 'Hybrid'), (SELECT id FROM public.drive_types WHERE name = 'FWD'), (SELECT id FROM public.body_types WHERE name = 'Crossover'), 4.1, 'L/100km'),
  ((SELECT id FROM public.brands WHERE name = 'Toyota' LIMIT 1), 'C-HR', 2021, '2.0 Hybrid', 184, 'Hybrid', '4.5 L/100km', 'FWD', 'Crossover', '€32,000', '€26,000–€30,000', 32000.00, 26000.00, 30000.00, (SELECT id FROM public.fuel_types WHERE name = 'Hybrid'), (SELECT id FROM public.drive_types WHERE name = 'FWD'), (SELECT id FROM public.body_types WHERE name = 'Crossover'), 4.5, 'L/100km');

-- SUBARU entries
INSERT INTO public.cars (
  brand_id,
  model,
  year,
  engine,
  horsepower,
  fuel,
  consumption,
  drivetrain,
  body_type,
  price_new,
  price_used,
  price_new_eur,
  price_used_min_eur,
  price_used_max_eur,
  fuel_type_id,
  drive_type_id,
  body_type_id,
  consumption_value,
  consumption_unit
)
VALUES
  ((SELECT id FROM public.brands WHERE name = 'Subaru' LIMIT 1), 'LEGACY', 2006, '2.0L Petrol', 138, 'Petrol', '7.8 L/100km', 'AWD', 'Sedan', '€25,000', '€3,000–€5,000', 25000.00, 3000.00, 5000.00, (SELECT id FROM public.fuel_types WHERE name = 'Petrol'), (SELECT id FROM public.drive_types WHERE name = 'AWD'), (SELECT id FROM public.body_types WHERE name = 'Sedan'), 7.8, 'L/100km'),
  ((SELECT id FROM public.brands WHERE name = 'Subaru' LIMIT 1), 'LEGACY', 2015, '2.5L Petrol', 175, 'Petrol', '7.3 L/100km', 'AWD', 'Sedan', '€28,000', '€12,000–€15,000', 28000.00, 12000.00, 15000.00, (SELECT id FROM public.fuel_types WHERE name = 'Petrol'), (SELECT id FROM public.drive_types WHERE name = 'AWD'), (SELECT id FROM public.body_types WHERE name = 'Sedan'), 7.3, 'L/100km'),
  ((SELECT id FROM public.brands WHERE name = 'Subaru' LIMIT 1), 'IMPREZA', 2007, '1.5L Petrol', 107, 'Petrol', '7.0 L/100km', 'AWD', 'Hatchback', '€18,000', '€2,500–€4,000', 18000.00, 2500.00, 4000.00, (SELECT id FROM public.fuel_types WHERE name = 'Petrol'), (SELECT id FROM public.drive_types WHERE name = 'AWD'), (SELECT id FROM public.body_types WHERE name = 'Hatchback'), 7.0, 'L/100km'),
  ((SELECT id FROM public.brands WHERE name = 'Subaru' LIMIT 1), 'IMPREZA WRX', 2012, '2.5L Turbo', 265, 'Petrol', '9.9 L/100km', 'AWD', 'Performance Sedan', '€32,000', '€14,000–€18,000', 32000.00, 14000.00, 18000.00, (SELECT id FROM public.fuel_types WHERE name = 'Petrol'), (SELECT id FROM public.drive_types WHERE name = 'AWD'), (SELECT id FROM public.body_types WHERE name = 'Performance Sedan'), 9.9, 'L/100km'),
  ((SELECT id FROM public.brands WHERE name = 'Subaru' LIMIT 1), 'WRX STI', 2017, '2.5L Turbo', 300, 'Petrol', '10.5 L/100km', 'AWD', 'Performance Sedan', '€45,000', '€30,000–€36,000', 45000.00, 30000.00, 36000.00, (SELECT id FROM public.fuel_types WHERE name = 'Petrol'), (SELECT id FROM public.drive_types WHERE name = 'AWD'), (SELECT id FROM public.body_types WHERE name = 'Performance Sedan'), 10.5, 'L/100km'),
  ((SELECT id FROM public.brands WHERE name = 'Subaru' LIMIT 1), 'OUTBACK', 2010, '2.5L Petrol', 167, 'Petrol', '8.4 L/100km', 'AWD', 'Wagon', '€27,000', '€5,000–€7,000', 27000.00, 5000.00, 7000.00, (SELECT id FROM public.fuel_types WHERE name = 'Petrol'), (SELECT id FROM public.drive_types WHERE name = 'AWD'), (SELECT id FROM public.body_types WHERE name = 'Wagon'), 8.4, 'L/100km'),
  ((SELECT id FROM public.brands WHERE name = 'Subaru' LIMIT 1), 'OUTBACK', 2018, '2.5L Petrol', 175, 'Petrol', '7.0 L/100km', 'AWD', 'Crossover', '€35,000', '€23,000–€28,000', 35000.00, 23000.00, 28000.00, (SELECT id FROM public.fuel_types WHERE name = 'Petrol'), (SELECT id FROM public.drive_types WHERE name = 'AWD'), (SELECT id FROM public.body_types WHERE name = 'Crossover'), 7.0, 'L/100km'),
  ((SELECT id FROM public.brands WHERE name = 'Subaru' LIMIT 1), 'FORESTER', 2008, '2.0L Petrol', 150, 'Petrol', '8.2 L/100km', 'AWD', 'SUV', '€25,000', '€4,000–€6,000', 25000.00, 4000.00, 6000.00, (SELECT id FROM public.fuel_types WHERE name = 'Petrol'), (SELECT id FROM public.drive_types WHERE name = 'AWD'), (SELECT id FROM public.body_types WHERE name = 'SUV'), 8.2, 'L/100km'),
  ((SELECT id FROM public.brands WHERE name = 'Subaru' LIMIT 1), 'FORESTER', 2016, '2.0L Petrol', 150, 'Petrol', '7.4 L/100km', 'AWD', 'SUV', '€32,000', '€18,000–€23,000', 32000.00, 18000.00, 23000.00, (SELECT id FROM public.fuel_types WHERE name = 'Petrol'), (SELECT id FROM public.drive_types WHERE name = 'AWD'), (SELECT id FROM public.body_types WHERE name = 'SUV'), 7.4, 'L/100km'),
  ((SELECT id FROM public.brands WHERE name = 'Subaru' LIMIT 1), 'FORESTER HYBRID', 2020, '2.0L Hybrid', 150, 'Hybrid', '6.7 L/100km', 'AWD', 'SUV', '€38,000', '€30,000–€35,000', 38000.00, 30000.00, 35000.00, (SELECT id FROM public.fuel_types WHERE name = 'Hybrid'), (SELECT id FROM public.drive_types WHERE name = 'AWD'), (SELECT id FROM public.body_types WHERE name = 'SUV'), 6.7, 'L/100km'),
  ((SELECT id FROM public.brands WHERE name = 'Subaru' LIMIT 1), 'XV', 2013, '2.0L Petrol', 150, 'Petrol', '6.9 L/100km', 'AWD', 'Crossover', '€24,000', '€8,000–€11,000', 24000.00, 8000.00, 11000.00, (SELECT id FROM public.fuel_types WHERE name = 'Petrol'), (SELECT id FROM public.drive_types WHERE name = 'AWD'), (SELECT id FROM public.body_types WHERE name = 'Crossover'), 6.9, 'L/100km'),
  ((SELECT id FROM public.brands WHERE name = 'Subaru' LIMIT 1), 'XV HYBRID', 2020, '2.0L Hybrid', 150, 'Hybrid', '6.5 L/100km', 'AWD', 'Crossover', '€30,000', '€24,000–€28,000', 30000.00, 24000.00, 28000.00, (SELECT id FROM public.fuel_types WHERE name = 'Hybrid'), (SELECT id FROM public.drive_types WHERE name = 'AWD'), (SELECT id FROM public.body_types WHERE name = 'Crossover'), 6.5, 'L/100km'),
  ((SELECT id FROM public.brands WHERE name = 'Subaru' LIMIT 1), 'BRZ', 2013, '2.0L Petrol', 200, 'Petrol', '7.1 L/100km', 'RWD', 'Sports Coupe', '€30,000', '€15,000–€19,000', 30000.00, 15000.00, 19000.00, (SELECT id FROM public.fuel_types WHERE name = 'Petrol'), (SELECT id FROM public.drive_types WHERE name = 'RWD'), (SELECT id FROM public.body_types WHERE name = 'Sports Coupe'), 7.1, 'L/100km'),
  ((SELECT id FROM public.brands WHERE name = 'Subaru' LIMIT 1), 'BRZ', 2022, '2.4L Petrol', 228, 'Petrol', '8.7 L/100km', 'RWD', 'Sports Coupe', '€34,000', '€30,000–€35,000', 34000.00, 30000.00, 35000.00, (SELECT id FROM public.fuel_types WHERE name = 'Petrol'), (SELECT id FROM public.drive_types WHERE name = 'RWD'), (SELECT id FROM public.body_types WHERE name = 'Sports Coupe'), 8.7, 'L/100km'),
  ((SELECT id FROM public.brands WHERE name = 'Subaru' LIMIT 1), 'TRIBECA', 2008, '3.6L Petrol', 256, 'Petrol', '12.0 L/100km', 'AWD', 'SUV', '€43,000', '€5,000–€8,000', 43000.00, 5000.00, 8000.00, (SELECT id FROM public.fuel_types WHERE name = 'Petrol'), (SELECT id FROM public.drive_types WHERE name = 'AWD'), (SELECT id FROM public.body_types WHERE name = 'SUV'), 12.0, 'L/100km'),
  ((SELECT id FROM public.brands WHERE name = 'Subaru' LIMIT 1), 'TRIBECA', 2012, '3.6L Petrol', 256, 'Petrol', '11.9 L/100km', 'AWD', 'SUV', '€45,000', '€10,000–€13,000', 45000.00, 10000.00, 13000.00, (SELECT id FROM public.fuel_types WHERE name = 'Petrol'), (SELECT id FROM public.drive_types WHERE name = 'AWD'), (SELECT id FROM public.body_types WHERE name = 'SUV'), 11.9, 'L/100km'),
  ((SELECT id FROM public.brands WHERE name = 'Subaru' LIMIT 1), 'LEGACY OUTBACK', 2006, '2.5L Petrol', 165, 'Petrol', '8.5 L/100km', 'AWD', 'Wagon', '€28,000', '€3,000–€5,000', 28000.00, 3000.00, 5000.00, (SELECT id FROM public.fuel_types WHERE name = 'Petrol'), (SELECT id FROM public.drive_types WHERE name = 'AWD'), (SELECT id FROM public.body_types WHERE name = 'Wagon'), 8.5, 'L/100km'),
  ((SELECT id FROM public.brands WHERE name = 'Subaru' LIMIT 1), 'LIBERTY', 2010, '3.6L Petrol', 256, 'Petrol', '10.2 L/100km', 'AWD', 'Sedan', '€35,000', '€7,000–€10,000', 35000.00, 7000.00, 10000.00, (SELECT id FROM public.fuel_types WHERE name = 'Petrol'), (SELECT id FROM public.drive_types WHERE name = 'AWD'), (SELECT id FROM public.body_types WHERE name = 'Sedan'), 10.2, 'L/100km'),
  ((SELECT id FROM public.brands WHERE name = 'Subaru' LIMIT 1), 'SAMBAR', 2005, '0.7L Petrol', 48, 'Petrol', '5.5 L/100km', 'RWD', 'Microvan', '€8,000', '€1,500–€2,500', 8000.00, 1500.00, 2500.00, (SELECT id FROM public.fuel_types WHERE name = 'Petrol'), (SELECT id FROM public.drive_types WHERE name = 'RWD'), (SELECT id FROM public.body_types WHERE name = 'Microvan'), 5.5, 'L/100km'),
  ((SELECT id FROM public.brands WHERE name = 'Subaru' LIMIT 1), 'JUSTY', 2007, '1.0L Petrol', 68, 'Petrol', '5.4 L/100km', 'FWD', 'Hatchback', '€11,000', '€2,000–€3,000', 11000.00, 2000.00, 3000.00, (SELECT id FROM public.fuel_types WHERE name = 'Petrol'), (SELECT id FROM public.drive_types WHERE name = 'FWD'), (SELECT id FROM public.body_types WHERE name = 'Hatchback'), 5.4, 'L/100km'),
  ((SELECT id FROM public.brands WHERE name = 'Subaru' LIMIT 1), 'DOMINGO', 2004, '1.2L Petrol', 61, 'Petrol', '6.8 L/100km', 'RWD', 'Microvan', '€9,000', '€1,500–€2,000', 9000.00, 1500.00, 2000.00, (SELECT id FROM public.fuel_types WHERE name = 'Petrol'), (SELECT id FROM public.drive_types WHERE name = 'RWD'), (SELECT id FROM public.body_types WHERE name = 'Microvan'), 6.8, 'L/100km'),
  ((SELECT id FROM public.brands WHERE name = 'Subaru' LIMIT 1), 'R1', 2005, '0.7L Petrol', 52, 'Petrol', '4.9 L/100km', 'FWD', 'Mini Car', '€10,000', '€2,000–€3,000', 10000.00, 2000.00, 3000.00, (SELECT id FROM public.fuel_types WHERE name = 'Petrol'), (SELECT id FROM public.drive_types WHERE name = 'FWD'), (SELECT id FROM public.body_types WHERE name = 'Mini Car'), 4.9, 'L/100km'),
  ((SELECT id FROM public.brands WHERE name = 'Subaru' LIMIT 1), 'R2', 2004, '0.7L Petrol', 60, 'Petrol', '5.0 L/100km', 'FWD', 'Mini Car', '€9,000', '€1,500–€2,500', 9000.00, 1500.00, 2500.00, (SELECT id FROM public.fuel_types WHERE name = 'Petrol'), (SELECT id FROM public.drive_types WHERE name = 'FWD'), (SELECT id FROM public.body_types WHERE name = 'Mini Car'), 5.0, 'L/100km'),
  ((SELECT id FROM public.brands WHERE name = 'Subaru' LIMIT 1), 'WRX', 2015, '2.0L Turbo', 268, 'Petrol', '9.8 L/100km', 'AWD', 'Sports Sedan', '€35,000', '€20,000–€24,000', 35000.00, 20000.00, 24000.00, (SELECT id FROM public.fuel_types WHERE name = 'Petrol'), (SELECT id FROM public.drive_types WHERE name = 'AWD'), (SELECT id FROM public.body_types WHERE name = 'Sports Sedan'), 9.8, 'L/100km'),
  ((SELECT id FROM public.brands WHERE name = 'Subaru' LIMIT 1), 'B9 TRIBECA', 2006, '3.0L Petrol', 245, 'Petrol', '11.1 L/100km', 'AWD', 'SUV', '€41,000', '€3,500–€5,500', 41000.00, 3500.00, 5500.00, (SELECT id FROM public.fuel_types WHERE name = 'Petrol'), (SELECT id FROM public.drive_types WHERE name = 'AWD'), (SELECT id FROM public.body_types WHERE name = 'SUV'), 11.1, 'L/100km');

-- KOENIGSEGG entries
INSERT INTO public.cars (
  brand_id,
  model,
  year,
  engine,
  horsepower,
  fuel,
  consumption,
  drivetrain,
  body_type,
  price_new,
  price_used,
  price_new_eur,
  price_used_min_eur,
  price_used_max_eur,
  fuel_type_id,
  drive_type_id,
  body_type_id,
  consumption_value,
  consumption_unit
)
VALUES
  ((SELECT id FROM public.brands WHERE name = 'Koenigsegg' LIMIT 1), 'CC8S', 2002, '4.7 V8 Supercharged', 655, 'Petrol', '18.0 L/100km', 'RWD', 'Hypercar', '€350,000', '€1,000,000–€1,300,000', 350000.00, 1000000.00, 1300000.00, (SELECT id FROM public.fuel_types WHERE name = 'Petrol'), (SELECT id FROM public.drive_types WHERE name = 'RWD'), (SELECT id FROM public.body_types WHERE name = 'Hypercar'), 18.0, 'L/100km'),
  ((SELECT id FROM public.brands WHERE name = 'Koenigsegg' LIMIT 1), 'CCR', 2004, '4.7 V8 Supercharged', 806, 'Petrol', '18.9 L/100km', 'RWD', 'Hypercar', '€450,000', '€1,200,000–€1,600,000', 450000.00, 1200000.00, 1600000.00, (SELECT id FROM public.fuel_types WHERE name = 'Petrol'), (SELECT id FROM public.drive_types WHERE name = 'RWD'), (SELECT id FROM public.body_types WHERE name = 'Hypercar'), 18.9, 'L/100km'),
  ((SELECT id FROM public.brands WHERE name = 'Koenigsegg' LIMIT 1), 'CCX', 2008, '4.7 V8 Twin-Supercharged', 888, 'Petrol', '17.5 L/100km', 'RWD', 'Hypercar', '€950,000', '€1,200,000–€1,800,000', 950000.00, 1200000.00, 1800000.00, (SELECT id FROM public.fuel_types WHERE name = 'Petrol'), (SELECT id FROM public.drive_types WHERE name = 'RWD'), (SELECT id FROM public.body_types WHERE name = 'Hypercar'), 17.5, 'L/100km'),
  ((SELECT id FROM public.brands WHERE name = 'Koenigsegg' LIMIT 1), 'AGERA', 2011, '5.0 V8 Twin-Turbo', 960, 'Petrol', '15.7 L/100km', 'RWD', 'Hypercar', '€1,200,000', '€2,000,000–€2,600,000', 1200000.00, 2000000.00, 2600000.00, (SELECT id FROM public.fuel_types WHERE name = 'Petrol'), (SELECT id FROM public.drive_types WHERE name = 'RWD'), (SELECT id FROM public.body_types WHERE name = 'Hypercar'), 15.7, 'L/100km'),
  ((SELECT id FROM public.brands WHERE name = 'Koenigsegg' LIMIT 1), 'AGERA R', 2013, '5.0 V8 Twin-Turbo', 1140, 'Petrol', '16.0 L/100km', 'RWD', 'Hypercar', '€1,450,000', '€2,500,000–€3,200,000', 1450000.00, 2500000.00, 3200000.00, (SELECT id FROM public.fuel_types WHERE name = 'Petrol'), (SELECT id FROM public.drive_types WHERE name = 'RWD'), (SELECT id FROM public.body_types WHERE name = 'Hypercar'), 16.0, 'L/100km'),
  ((SELECT id FROM public.brands WHERE name = 'Koenigsegg' LIMIT 1), 'ONE:1', 2015, '5.0 V8 Twin-Turbo', 1360, 'Petrol', '20.0 L/100km', 'RWD', 'Hypercar', '€2,000,000', '€5,000,000–€7,000,000', 2000000.00, 5000000.00, 7000000.00, (SELECT id FROM public.fuel_types WHERE name = 'Petrol'), (SELECT id FROM public.drive_types WHERE name = 'RWD'), (SELECT id FROM public.body_types WHERE name = 'Hypercar'), 20.0, 'L/100km'),
  ((SELECT id FROM public.brands WHERE name = 'Koenigsegg' LIMIT 1), 'REGERA', 2016, '5.0 V8 Twin-Turbo Hybrid', 1500, 'Hybrid', '14.0 L/100km', 'RWD', 'Hypercar', '€1,900,000', '€2,500,000–€3,500,000', 1900000.00, 2500000.00, 3500000.00, (SELECT id FROM public.fuel_types WHERE name = 'Hybrid'), (SELECT id FROM public.drive_types WHERE name = 'RWD'), (SELECT id FROM public.body_types WHERE name = 'Hypercar'), 14.0, 'L/100km'),
  ((SELECT id FROM public.brands WHERE name = 'Koenigsegg' LIMIT 1), 'JESKO', 2020, '5.0 V8 Twin-Turbo', 1600, 'Petrol', '14.5 L/100km', 'RWD', 'Hypercar', '€2,800,000', '€3,500,000–€4,000,000', 2800000.00, 3500000.00, 4000000.00, (SELECT id FROM public.fuel_types WHERE name = 'Petrol'), (SELECT id FROM public.drive_types WHERE name = 'RWD'), (SELECT id FROM public.body_types WHERE name = 'Hypercar'), 14.5, 'L/100km'),
  ((SELECT id FROM public.brands WHERE name = 'Koenigsegg' LIMIT 1), 'JESKO ABSOLUT', 2021, '5.0 V8 Twin-Turbo', 1600, 'Petrol', '14.0 L/100km', 'RWD', 'Speed Record Hypercar', '€3,000,000', '€3,800,000–€4,500,000', 3000000.00, 3800000.00, 4500000.00, (SELECT id FROM public.fuel_types WHERE name = 'Petrol'), (SELECT id FROM public.drive_types WHERE name = 'RWD'), (SELECT id FROM public.body_types WHERE name = 'Speed Record Hypercar'), 14.0, 'L/100km'),
  ((SELECT id FROM public.brands WHERE name = 'Koenigsegg' LIMIT 1), 'GEMERA', 2023, '3-cylinder Hybrid + Electric', 1700, 'Hybrid', '8.0 L/100km + battery', 'AWD', '4-seat Hypercar', '€1,700,000', '€1,800,000–€2,200,000', 1700000.00, 1800000.00, 2200000.00, (SELECT id FROM public.fuel_types WHERE name = 'Hybrid'), (SELECT id FROM public.drive_types WHERE name = 'AWD'), (SELECT id FROM public.body_types WHERE name = '4-seat Hypercar'), 8.0, 'L/100km');

-- BMW entries
INSERT INTO public.cars (
  brand_id,
  model,
  year,
  engine,
  horsepower,
  fuel,
  consumption,
  drivetrain,
  body_type,
  price_new,
  price_used,
  price_new_eur,
  price_used_min_eur,
  price_used_max_eur,
  fuel_type_id,
  drive_type_id,
  body_type_id,
  consumption_value,
  consumption_unit
)
VALUES
  ((SELECT id FROM public.brands WHERE name = 'BMW' LIMIT 1), '316i', 2004, '1.8L Petrol', 115, 'Petrol', '7.0 L/100km', 'RWD', 'Sedan', '€22,000', '€1,500–€2,000', 22000.00, 1500.00, 2000.00, (SELECT id FROM public.fuel_types WHERE name = 'Petrol'), (SELECT id FROM public.drive_types WHERE name = 'RWD'), (SELECT id FROM public.body_types WHERE name = 'Sedan'), 7.0, 'L/100km'),
  ((SELECT id FROM public.brands WHERE name = 'BMW' LIMIT 1), '318d', 2007, '2.0L Diesel', 122, 'Diesel', '5.4 L/100km', 'RWD', 'Sedan', '€27,000', '€3,000–€4,500', 27000.00, 3000.00, 4500.00, (SELECT id FROM public.fuel_types WHERE name = 'Diesel'), (SELECT id FROM public.drive_types WHERE name = 'RWD'), (SELECT id FROM public.body_types WHERE name = 'Sedan'), 5.4, 'L/100km'),
  ((SELECT id FROM public.brands WHERE name = 'BMW' LIMIT 1), '320i', 2005, '2.0L Petrol', 150, 'Petrol', '7.2 L/100km', 'RWD', 'Sedan', '€28,000', '€2,500–€4,000', 28000.00, 2500.00, 4000.00, (SELECT id FROM public.fuel_types WHERE name = 'Petrol'), (SELECT id FROM public.drive_types WHERE name = 'RWD'), (SELECT id FROM public.body_types WHERE name = 'Sedan'), 7.2, 'L/100km'),
  ((SELECT id FROM public.brands WHERE name = 'BMW' LIMIT 1), '320d', 2010, '2.0L Diesel', 184, 'Diesel', '5.1 L/100km', 'RWD', 'Sedan', '€32,000', '€5,000–€7,500', 32000.00, 5000.00, 7500.00, (SELECT id FROM public.fuel_types WHERE name = 'Diesel'), (SELECT id FROM public.drive_types WHERE name = 'RWD'), (SELECT id FROM public.body_types WHERE name = 'Sedan'), 5.1, 'L/100km'),
  ((SELECT id FROM public.brands WHERE name = 'BMW' LIMIT 1), '330i', 2010, '3.0L Petrol', 272, 'Petrol', '8.0 L/100km', 'RWD', 'Sedan', '€38,000', '€7,000–€10,000', 38000.00, 7000.00, 10000.00, (SELECT id FROM public.fuel_types WHERE name = 'Petrol'), (SELECT id FROM public.drive_types WHERE name = 'RWD'), (SELECT id FROM public.body_types WHERE name = 'Sedan'), 8.0, 'L/100km'),
  ((SELECT id FROM public.brands WHERE name = 'BMW' LIMIT 1), '330d', 2013, '3.0L Diesel', 258, 'Diesel', '5.7 L/100km', 'RWD', 'Sedan', '€42,000', '€12,000–€16,000', 42000.00, 12000.00, 16000.00, (SELECT id FROM public.fuel_types WHERE name = 'Diesel'), (SELECT id FROM public.drive_types WHERE name = 'RWD'), (SELECT id FROM public.body_types WHERE name = 'Sedan'), 5.7, 'L/100km'),
  ((SELECT id FROM public.brands WHERE name = 'BMW' LIMIT 1), '335i', 2012, '3.0L Twin-Turbo Petrol', 306, 'Petrol', '8.5 L/100km', 'RWD', 'Sedan', '€45,000', '€9,000–€14,000', 45000.00, 9000.00, 14000.00, (SELECT id FROM public.fuel_types WHERE name = 'Petrol'), (SELECT id FROM public.drive_types WHERE name = 'RWD'), (SELECT id FROM public.body_types WHERE name = 'Sedan'), 8.5, 'L/100km'),
  ((SELECT id FROM public.brands WHERE name = 'BMW' LIMIT 1), '340i', 2016, '3.0L Turbo I6', 326, 'Petrol', '7.5 L/100km', 'RWD / AWD', 'Sedan', '€50,000', '€25,000–€30,000', 50000.00, 25000.00, 30000.00, (SELECT id FROM public.fuel_types WHERE name = 'Petrol'), (SELECT id FROM public.drive_types WHERE name = 'RWD / AWD'), (SELECT id FROM public.body_types WHERE name = 'Sedan'), 7.5, 'L/100km'),
  ((SELECT id FROM public.brands WHERE name = 'BMW' LIMIT 1), 'M3', 2008, '4.0L V8', 420, 'Petrol', '12.4 L/100km', 'RWD', 'Performance Sedan', '€65,000', '€20,000–€28,000', 65000.00, 20000.00, 28000.00, (SELECT id FROM public.fuel_types WHERE name = 'Petrol'), (SELECT id FROM public.drive_types WHERE name = 'RWD'), (SELECT id FROM public.body_types WHERE name = 'Performance Sedan'), 12.4, 'L/100km'),
  ((SELECT id FROM public.brands WHERE name = 'BMW' LIMIT 1), 'M3', 2016, '3.0L Twin-Turbo I6', 431, 'Petrol', '8.8 L/100km', 'RWD', 'Performance Sedan', '€75,000', '€40,000–€55,000', 75000.00, 40000.00, 55000.00, (SELECT id FROM public.fuel_types WHERE name = 'Petrol'), (SELECT id FROM public.drive_types WHERE name = 'RWD'), (SELECT id FROM public.body_types WHERE name = 'Performance Sedan'), 8.8, 'L/100km'),
  ((SELECT id FROM public.brands WHERE name = 'BMW' LIMIT 1), '520d', 2008, '2.0L Diesel', 177, 'Diesel', '5.5 L/100km', 'RWD', 'Executive Sedan', '€40,000', '€4,000–€6,000', 40000.00, 4000.00, 6000.00, (SELECT id FROM public.fuel_types WHERE name = 'Diesel'), (SELECT id FROM public.drive_types WHERE name = 'RWD'), (SELECT id FROM public.body_types WHERE name = 'Executive Sedan'), 5.5, 'L/100km'),
  ((SELECT id FROM public.brands WHERE name = 'BMW' LIMIT 1), '525d', 2011, '3.0L Diesel', 204, 'Diesel', '5.8 L/100km', 'RWD', 'Sedan', '€48,000', '€9,000–€12,000', 48000.00, 9000.00, 12000.00, (SELECT id FROM public.fuel_types WHERE name = 'Diesel'), (SELECT id FROM public.drive_types WHERE name = 'RWD'), (SELECT id FROM public.body_types WHERE name = 'Sedan'), 5.8, 'L/100km'),
  ((SELECT id FROM public.brands WHERE name = 'BMW' LIMIT 1), '530i', 2017, '2.0L Turbo Petrol', 252, 'Petrol', '6.5 L/100km', 'RWD', 'Executive Sedan', '€55,000', '€32,000–€38,000', 55000.00, 32000.00, 38000.00, (SELECT id FROM public.fuel_types WHERE name = 'Petrol'), (SELECT id FROM public.drive_types WHERE name = 'RWD'), (SELECT id FROM public.body_types WHERE name = 'Executive Sedan'), 6.5, 'L/100km'),
  ((SELECT id FROM public.brands WHERE name = 'BMW' LIMIT 1), '530d', 2014, '3.0L Diesel', 258, 'Diesel', '5.9 L/100km', 'RWD / AWD', 'Sedan', '€52,000', '€14,000–€19,000', 52000.00, 14000.00, 19000.00, (SELECT id FROM public.fuel_types WHERE name = 'Diesel'), (SELECT id FROM public.drive_types WHERE name = 'RWD / AWD'), (SELECT id FROM public.body_types WHERE name = 'Sedan'), 5.9, 'L/100km'),
  ((SELECT id FROM public.brands WHERE name = 'BMW' LIMIT 1), '540i', 2021, '3.0L Turbo Petrol', 333, 'Petrol', '7.7 L/100km', 'AWD', 'Luxury Sedan', '€65,000', '€52,000–€60,000', 65000.00, 52000.00, 60000.00, (SELECT id FROM public.fuel_types WHERE name = 'Petrol'), (SELECT id FROM public.drive_types WHERE name = 'AWD'), (SELECT id FROM public.body_types WHERE name = 'Luxury Sedan'), 7.7, 'L/100km'),
  ((SELECT id FROM public.brands WHERE name = 'BMW' LIMIT 1), 'M5', 2006, '5.0L V10', 507, 'Petrol', '14.5 L/100km', 'RWD', 'Performance Sedan', '€80,000', '€14,000–€20,000', 80000.00, 14000.00, 20000.00, (SELECT id FROM public.fuel_types WHERE name = 'Petrol'), (SELECT id FROM public.drive_types WHERE name = 'RWD'), (SELECT id FROM public.body_types WHERE name = 'Performance Sedan'), 14.5, 'L/100km'),
  ((SELECT id FROM public.brands WHERE name = 'BMW' LIMIT 1), 'M5', 2012, '4.4L V8 Twin-Turbo', 560, 'Petrol', '10.0 L/100km', 'RWD', 'Performance Sedan', '€95,000', '€30,000–€40,000', 95000.00, 30000.00, 40000.00, (SELECT id FROM public.fuel_types WHERE name = 'Petrol'), (SELECT id FROM public.drive_types WHERE name = 'RWD'), (SELECT id FROM public.body_types WHERE name = 'Performance Sedan'), 10.0, 'L/100km'),
  ((SELECT id FROM public.brands WHERE name = 'BMW' LIMIT 1), 'M5', 2019, '4.4L V8 Twin-Turbo', 600, 'Petrol', '10.5 L/100km', 'AWD', 'Performance Sedan', '€120,000', '€80,000–€95,000', 120000.00, 80000.00, 95000.00, (SELECT id FROM public.fuel_types WHERE name = 'Petrol'), (SELECT id FROM public.drive_types WHERE name = 'AWD'), (SELECT id FROM public.body_types WHERE name = 'Performance Sedan'), 10.5, 'L/100km'),
  ((SELECT id FROM public.brands WHERE name = 'BMW' LIMIT 1), 'X1', 2014, '2.0L Diesel', 184, 'Diesel', '5.6 L/100km', 'AWD', 'Compact SUV', '€36,000', '€12,000–€15,000', 36000.00, 12000.00, 15000.00, (SELECT id FROM public.fuel_types WHERE name = 'Diesel'), (SELECT id FROM public.drive_types WHERE name = 'AWD'), (SELECT id FROM public.body_types WHERE name = 'Compact SUV'), 5.6, 'L/100km'),
  ((SELECT id FROM public.brands WHERE name = 'BMW' LIMIT 1), 'X3', 2012, '2.0L Diesel', 184, 'Diesel', '5.8 L/100km', 'AWD', 'SUV', '€44,000', '€10,000–€15,000', 44000.00, 10000.00, 15000.00, (SELECT id FROM public.fuel_types WHERE name = 'Diesel'), (SELECT id FROM public.drive_types WHERE name = 'AWD'), (SELECT id FROM public.body_types WHERE name = 'SUV'), 5.8, 'L/100km'),
  ((SELECT id FROM public.brands WHERE name = 'BMW' LIMIT 1), 'X3', 2019, '2.0L Petrol', 252, 'Petrol', '7.6 L/100km', 'AWD', 'SUV', '€52,000', '€35,000–€40,000', 52000.00, 35000.00, 40000.00, (SELECT id FROM public.fuel_types WHERE name = 'Petrol'), (SELECT id FROM public.drive_types WHERE name = 'AWD'), (SELECT id FROM public.body_types WHERE name = 'SUV'), 7.6, 'L/100km'),
  ((SELECT id FROM public.brands WHERE name = 'BMW' LIMIT 1), 'X5', 2007, '3.0L Diesel', 235, 'Diesel', '8.6 L/100km', 'AWD', 'Large SUV', '€60,000', '€7,000–€10,000', 60000.00, 7000.00, 10000.00, (SELECT id FROM public.fuel_types WHERE name = 'Diesel'), (SELECT id FROM public.drive_types WHERE name = 'AWD'), (SELECT id FROM public.body_types WHERE name = 'Large SUV'), 8.6, 'L/100km'),
  ((SELECT id FROM public.brands WHERE name = 'BMW' LIMIT 1), 'X5', 2014, '3.0L Diesel', 258, 'Diesel', '6.2 L/100km', 'AWD', 'Large SUV', '€75,000', '€20,000–€28,000', 75000.00, 20000.00, 28000.00, (SELECT id FROM public.fuel_types WHERE name = 'Diesel'), (SELECT id FROM public.drive_types WHERE name = 'AWD'), (SELECT id FROM public.body_types WHERE name = 'Large SUV'), 6.2, 'L/100km'),
  ((SELECT id FROM public.brands WHERE name = 'BMW' LIMIT 1), 'X5', 2021, '3.0L Turbo Petrol', 340, 'Petrol', '8.6 L/100km', 'AWD', 'Luxury SUV', '€90,000', '€70,000–€78,000', 90000.00, 70000.00, 78000.00, (SELECT id FROM public.fuel_types WHERE name = 'Petrol'), (SELECT id FROM public.drive_types WHERE name = 'AWD'), (SELECT id FROM public.body_types WHERE name = 'Luxury SUV'), 8.6, 'L/100km'),
  ((SELECT id FROM public.brands WHERE name = 'BMW' LIMIT 1), 'X6', 2010, '3.0L Diesel', 235, 'Diesel', '7.9 L/100km', 'AWD', 'Coupe SUV', '€62,000', '€12,000–€16,000', 62000.00, 12000.00, 16000.00, (SELECT id FROM public.fuel_types WHERE name = 'Diesel'), (SELECT id FROM public.drive_types WHERE name = 'AWD'), (SELECT id FROM public.body_types WHERE name = 'Coupe SUV'), 7.9, 'L/100km'),
  ((SELECT id FROM public.brands WHERE name = 'BMW' LIMIT 1), 'X6', 2017, '3.0L Petrol', 306, 'Petrol', '9.0 L/100km', 'AWD', 'Coupe SUV', '€78,000', '€40,000–€50,000', 78000.00, 40000.00, 50000.00, (SELECT id FROM public.fuel_types WHERE name = 'Petrol'), (SELECT id FROM public.drive_types WHERE name = 'AWD'), (SELECT id FROM public.body_types WHERE name = 'Coupe SUV'), 9.0, 'L/100km'),
  ((SELECT id FROM public.brands WHERE name = 'BMW' LIMIT 1), 'X7', 2020, '3.0L Diesel', 265, 'Diesel', '7.5 L/100km', 'AWD', 'Full-Size SUV', '€100,000', '€85,000–€95,000', 100000.00, 85000.00, 95000.00, (SELECT id FROM public.fuel_types WHERE name = 'Diesel'), (SELECT id FROM public.drive_types WHERE name = 'AWD'), (SELECT id FROM public.body_types WHERE name = 'Full-Size SUV'), 7.5, 'L/100km'),
  ((SELECT id FROM public.brands WHERE name = 'BMW' LIMIT 1), 'Z4', 2006, '3.0L Petrol', 265, 'Petrol', '8.6 L/100km', 'RWD', 'Roadster', '€45,000', '€7,000–€10,000', 45000.00, 7000.00, 10000.00, (SELECT id FROM public.fuel_types WHERE name = 'Petrol'), (SELECT id FROM public.drive_types WHERE name = 'RWD'), (SELECT id FROM public.body_types WHERE name = 'Roadster'), 8.6, 'L/100km'),
  ((SELECT id FROM public.brands WHERE name = 'BMW' LIMIT 1), 'Z4', 2019, '2.0L Turbo Petrol', 258, 'Petrol', '6.5 L/100km', 'RWD', 'Convertible', '€52,000', '€38,000–€45,000', 52000.00, 38000.00, 45000.00, (SELECT id FROM public.fuel_types WHERE name = 'Petrol'), (SELECT id FROM public.drive_types WHERE name = 'RWD'), (SELECT id FROM public.body_types WHERE name = 'Convertible'), 6.5, 'L/100km'),
  ((SELECT id FROM public.brands WHERE name = 'BMW' LIMIT 1), 'i3', 2017, 'Electric', 170, 'Electric', '13 kWh/100km', 'RWD', 'Electric Hatchback', '€39,000', '€17,000–€22,000', 39000.00, 17000.00, 22000.00, (SELECT id FROM public.fuel_types WHERE name = 'Electric'), (SELECT id FROM public.drive_types WHERE name = 'RWD'), (SELECT id FROM public.body_types WHERE name = 'Electric Hatchback'), 13.0, 'kWh/100km'),
  ((SELECT id FROM public.brands WHERE name = 'BMW' LIMIT 1), 'i8', 2015, '1.5 Hybrid + Electric', 362, 'Hybrid', '2.1 L/100km', 'AWD', 'Luxury GT', '€130,000', '€55,000–€70,000', 130000.00, 55000.00, 70000.00, (SELECT id FROM public.fuel_types WHERE name = 'Hybrid'), (SELECT id FROM public.drive_types WHERE name = 'AWD'), (SELECT id FROM public.body_types WHERE name = 'Luxury GT'), 2.1, 'L/100km');

-- FERRARI entries
INSERT INTO public.cars (
  brand_id,
  model,
  year,
  engine,
  horsepower,
  fuel,
  consumption,
  drivetrain,
  body_type,
  price_new,
  price_used,
  price_new_eur,
  price_used_min_eur,
  price_used_max_eur,
  fuel_type_id,
  drive_type_id,
  body_type_id,
  consumption_value,
  consumption_unit
)
VALUES
  ((SELECT id FROM public.brands WHERE name = 'Ferrari' LIMIT 1), 'F430', 2006, '4.3 V8', 490, 'Petrol', '18.3 L/100km', 'RWD', 'Supercar', '€150,000', '€90,000–€130,000', 150000.00, 90000.00, 130000.00, (SELECT id FROM public.fuel_types WHERE name = 'Petrol'), (SELECT id FROM public.drive_types WHERE name = 'RWD'), (SELECT id FROM public.body_types WHERE name = 'Supercar'), 18.3, 'L/100km'),
  ((SELECT id FROM public.brands WHERE name = 'Ferrari' LIMIT 1), 'CALIFORNIA', 2010, '4.3 V8', 460, 'Petrol', '13.2 L/100km', 'RWD', 'Grand Tourer', '€180,000', '€75,000–€100,000', 180000.00, 75000.00, 100000.00, (SELECT id FROM public.fuel_types WHERE name = 'Petrol'), (SELECT id FROM public.drive_types WHERE name = 'RWD'), (SELECT id FROM public.body_types WHERE name = 'Grand Tourer'), 13.2, 'L/100km'),
  ((SELECT id FROM public.brands WHERE name = 'Ferrari' LIMIT 1), '458 ITALIA', 2012, '4.5 V8', 570, 'Petrol', '13.3 L/100km', 'RWD', 'Supercar', '€200,000', '€150,000–€220,000', 200000.00, 150000.00, 220000.00, (SELECT id FROM public.fuel_types WHERE name = 'Petrol'), (SELECT id FROM public.drive_types WHERE name = 'RWD'), (SELECT id FROM public.body_types WHERE name = 'Supercar'), 13.3, 'L/100km'),
  ((SELECT id FROM public.brands WHERE name = 'Ferrari' LIMIT 1), 'FF', 2013, '6.3 V12', 660, 'Petrol', '15.4 L/100km', 'AWD', 'Shooting Brake', '€260,000', '€110,000–€160,000', 260000.00, 110000.00, 160000.00, (SELECT id FROM public.fuel_types WHERE name = 'Petrol'), (SELECT id FROM public.drive_types WHERE name = 'AWD'), (SELECT id FROM public.body_types WHERE name = 'Shooting Brake'), 15.4, 'L/100km'),
  ((SELECT id FROM public.brands WHERE name = 'Ferrari' LIMIT 1), '488 GTB', 2016, '3.9 V8 Twin-Turbo', 670, 'Petrol', '12.3 L/100km', 'RWD', 'Supercar', '€230,000', '€200,000–€240,000', 230000.00, 200000.00, 240000.00, (SELECT id FROM public.fuel_types WHERE name = 'Petrol'), (SELECT id FROM public.drive_types WHERE name = 'RWD'), (SELECT id FROM public.body_types WHERE name = 'Supercar'), 12.3, 'L/100km'),
  ((SELECT id FROM public.brands WHERE name = 'Ferrari' LIMIT 1), 'GTC4LUSSO', 2018, '6.3 V12', 690, 'Petrol', '16.0 L/100km', 'AWD', 'Luxury GT', '€280,000', '€180,000–€220,000', 280000.00, 180000.00, 220000.00, (SELECT id FROM public.fuel_types WHERE name = 'Petrol'), (SELECT id FROM public.drive_types WHERE name = 'AWD'), (SELECT id FROM public.body_types WHERE name = 'Luxury GT'), 16.0, 'L/100km'),
  ((SELECT id FROM public.brands WHERE name = 'Ferrari' LIMIT 1), 'PORTOFINO', 2019, '3.9 V8 Twin-Turbo', 600, 'Petrol', '11.7 L/100km', 'RWD', 'Convertible GT', '€195,000', '€160,000–€180,000', 195000.00, 160000.00, 180000.00, (SELECT id FROM public.fuel_types WHERE name = 'Petrol'), (SELECT id FROM public.drive_types WHERE name = 'RWD'), (SELECT id FROM public.body_types WHERE name = 'Convertible GT'), 11.7, 'L/100km'),
  ((SELECT id FROM public.brands WHERE name = 'Ferrari' LIMIT 1), 'F8 TRIBUTO', 2020, '3.9 V8 Twin-Turbo', 720, 'Petrol', '12.0 L/100km', 'RWD', 'Supercar', '€240,000', '€220,000–€260,000', 240000.00, 220000.00, 260000.00, (SELECT id FROM public.fuel_types WHERE name = 'Petrol'), (SELECT id FROM public.drive_types WHERE name = 'RWD'), (SELECT id FROM public.body_types WHERE name = 'Supercar'), 12.0, 'L/100km'),
  ((SELECT id FROM public.brands WHERE name = 'Ferrari' LIMIT 1), 'ROMA', 2021, '3.9 V8 Twin-Turbo', 620, 'Petrol', '10.0 L/100km', 'RWD', 'Grand Tourer', '€210,000', '€180,000–€200,000', 210000.00, 180000.00, 200000.00, (SELECT id FROM public.fuel_types WHERE name = 'Petrol'), (SELECT id FROM public.drive_types WHERE name = 'RWD'), (SELECT id FROM public.body_types WHERE name = 'Grand Tourer'), 10.0, 'L/100km'),
  ((SELECT id FROM public.brands WHERE name = 'Ferrari' LIMIT 1), 'SF90 STRADALE', 2022, '4.0 V8 Twin-Turbo Hybrid', 1000, 'Hybrid', '6.1 L/100km', 'AWD', 'Hypercar', '€400,000', '€420,000–€500,000', 400000.00, 420000.00, 500000.00, (SELECT id FROM public.fuel_types WHERE name = 'Hybrid'), (SELECT id FROM public.drive_types WHERE name = 'AWD'), (SELECT id FROM public.body_types WHERE name = 'Hypercar'), 6.1, 'L/100km');

-- BENTLEY entries
INSERT INTO public.cars (
  brand_id,
  model,
  year,
  engine,
  horsepower,
  fuel,
  consumption,
  drivetrain,
  body_type,
  price_new,
  price_used,
  price_new_eur,
  price_used_min_eur,
  price_used_max_eur,
  fuel_type_id,
  drive_type_id,
  body_type_id,
  consumption_value,
  consumption_unit
)
VALUES
  ((SELECT id FROM public.brands WHERE name = 'Bentley' LIMIT 1), 'CONTINENTAL GT', 2004, '6.0 W12 Twin-Turbo', 560, 'Petrol', '17.0 L/100km', 'AWD', 'Grand Tourer', '€150,000', '€25,000–€40,000', 150000.00, 25000.00, 40000.00, (SELECT id FROM public.fuel_types WHERE name = 'Petrol'), (SELECT id FROM public.drive_types WHERE name = 'AWD'), (SELECT id FROM public.body_types WHERE name = 'Grand Tourer'), 17.0, 'L/100km'),
  ((SELECT id FROM public.brands WHERE name = 'Bentley' LIMIT 1), 'CONTINENTAL GT', 2012, '6.0 W12 Twin-Turbo', 575, 'Petrol', '16.0 L/100km', 'AWD', 'Grand Tourer', '€170,000', '€55,000–€70,000', 170000.00, 55000.00, 70000.00, (SELECT id FROM public.fuel_types WHERE name = 'Petrol'), (SELECT id FROM public.drive_types WHERE name = 'AWD'), (SELECT id FROM public.body_types WHERE name = 'Grand Tourer'), 16.0, 'L/100km'),
  ((SELECT id FROM public.brands WHERE name = 'Bentley' LIMIT 1), 'CONTINENTAL GT', 2020, '6.0 W12', 626, 'Petrol', '15.5 L/100km', 'AWD', 'Luxury GT', '€220,000', '€170,000–€190,000', 220000.00, 170000.00, 190000.00, (SELECT id FROM public.fuel_types WHERE name = 'Petrol'), (SELECT id FROM public.drive_types WHERE name = 'AWD'), (SELECT id FROM public.body_types WHERE name = 'Luxury GT'), 15.5, 'L/100km'),
  ((SELECT id FROM public.brands WHERE name = 'Bentley' LIMIT 1), 'FLYING SPUR', 2006, '6.0 W12', 552, 'Petrol', '17.3 L/100km', 'AWD', 'Luxury Sedan', '€170,000', '€20,000–€35,000', 170000.00, 20000.00, 35000.00, (SELECT id FROM public.fuel_types WHERE name = 'Petrol'), (SELECT id FROM public.drive_types WHERE name = 'AWD'), (SELECT id FROM public.body_types WHERE name = 'Luxury Sedan'), 17.3, 'L/100km'),
  ((SELECT id FROM public.brands WHERE name = 'Bentley' LIMIT 1), 'FLYING SPUR', 2015, '4.0 V8 Twin-Turbo', 507, 'Petrol', '10.9 L/100km', 'AWD', 'Luxury Sedan', '€190,000', '€70,000–€90,000', 190000.00, 70000.00, 90000.00, (SELECT id FROM public.fuel_types WHERE name = 'Petrol'), (SELECT id FROM public.drive_types WHERE name = 'AWD'), (SELECT id FROM public.body_types WHERE name = 'Luxury Sedan'), 10.9, 'L/100km'),
  ((SELECT id FROM public.brands WHERE name = 'Bentley' LIMIT 1), 'FLYING SPUR', 2022, '6.0 W12', 635, 'Petrol', '14.0 L/100km', 'AWD', 'Luxury Sedan', '€240,000', '€200,000–€220,000', 240000.00, 200000.00, 220000.00, (SELECT id FROM public.fuel_types WHERE name = 'Petrol'), (SELECT id FROM public.drive_types WHERE name = 'AWD'), (SELECT id FROM public.body_types WHERE name = 'Luxury Sedan'), 14.0, 'L/100km'),
  ((SELECT id FROM public.brands WHERE name = 'Bentley' LIMIT 1), 'MULSANNE', 2010, '6.75 V8', 505, 'Petrol', '16.0 L/100km', 'RWD', 'Ultra-Luxury Sedan', '€250,000', '€70,000–€110,000', 250000.00, 70000.00, 110000.00, (SELECT id FROM public.fuel_types WHERE name = 'Petrol'), (SELECT id FROM public.drive_types WHERE name = 'RWD'), (SELECT id FROM public.body_types WHERE name = 'Ultra-Luxury Sedan'), 16.0, 'L/100km'),
  ((SELECT id FROM public.brands WHERE name = 'Bentley' LIMIT 1), 'MULSANNE', 2018, '6.75 V8', 530, 'Petrol', '15.0 L/100km', 'RWD', 'Ultra-Luxury Sedan', '€300,000', '€180,000–€220,000', 300000.00, 180000.00, 220000.00, (SELECT id FROM public.fuel_types WHERE name = 'Petrol'), (SELECT id FROM public.drive_types WHERE name = 'RWD'), (SELECT id FROM public.body_types WHERE name = 'Ultra-Luxury Sedan'), 15.0, 'L/100km'),
  ((SELECT id FROM public.brands WHERE name = 'Bentley' LIMIT 1), 'BENTAYGA', 2017, '6.0 W12', 600, 'Petrol', '14.5 L/100km', 'AWD', 'Luxury SUV', '€200,000', '€110,000–€140,000', 200000.00, 110000.00, 140000.00, (SELECT id FROM public.fuel_types WHERE name = 'Petrol'), (SELECT id FROM public.drive_types WHERE name = 'AWD'), (SELECT id FROM public.body_types WHERE name = 'Luxury SUV'), 14.5, 'L/100km'),
((SELECT id FROM public.brands WHERE name = 'Bentley' LIMIT 1), 'BENTAYGA', 2021, '4.0 V8 Twin-Turbo', 550, 'Petrol', '12.5 L/100km', 'AWD', 'Luxury SUV', '€210,000', '€160,000–€180,000', 210000.00, 160000.00, 180000.00, (SELECT id FROM public.fuel_types WHERE name = 'Petrol'), (SELECT id FROM public.drive_types WHERE name = 'AWD'), (SELECT id FROM public.body_types WHERE name = 'Luxury SUV'), 12.5, 'L/100km');

-- AUDI entries
  ((SELECT id FROM public.brands WHERE name = 'Audi' LIMIT 1), 'A3', 2005, '1.6L Petrol', 102, 'Petrol', '7.2 L/100km', 'FWD', 'Hatchback', '€21,000', '€2,000–€3,500', 21000.00, 2000.00, 3500.00, (SELECT id FROM public.fuel_types WHERE name = 'Petrol'), (SELECT id FROM public.drive_types WHERE name = 'FWD'), (SELECT id FROM public.body_types WHERE name = 'Hatchback'), 7.2, 'L/100km'),
  ((SELECT id FROM public.brands WHERE name = 'Audi' LIMIT 1), 'A3', 2010, '1.8 TFSI Petrol', 160, 'Petrol', '6.8 L/100km', 'FWD', 'Hatchback', '€25,000', '€4,000–€6,000', 25000.00, 4000.00, 6000.00, (SELECT id FROM public.fuel_types WHERE name = 'Petrol'), (SELECT id FROM public.drive_types WHERE name = 'FWD'), (SELECT id FROM public.body_types WHERE name = 'Hatchback'), 6.8, 'L/100km'),
  ((SELECT id FROM public.brands WHERE name = 'Audi' LIMIT 1), 'A3', 2018, '2.0 TDI', 150, 'Diesel', '5.2 L/100km', 'FWD', 'Hatchback', '€30,000', '€15,000–€20,000', 30000.00, 15000.00, 20000.00, (SELECT id FROM public.fuel_types WHERE name = 'Diesel'), (SELECT id FROM public.drive_types WHERE name = 'FWD'), (SELECT id FROM public.body_types WHERE name = 'Hatchback'), 5.2, 'L/100km'),
  ((SELECT id FROM public.brands WHERE name = 'Audi' LIMIT 1), 'A4', 2004, '1.8T Petrol', 163, 'Petrol', '8.0 L/100km', 'FWD', 'Sedan', '€27,000', '€1,500–€3,000', 27000.00, 1500.00, 3000.00, (SELECT id FROM public.fuel_types WHERE name = 'Petrol'), (SELECT id FROM public.drive_types WHERE name = 'FWD'), (SELECT id FROM public.body_types WHERE name = 'Sedan'), 8.0, 'L/100km'),
  ((SELECT id FROM public.brands WHERE name = 'Audi' LIMIT 1), 'A4', 2012, '2.0 TDI', 143, 'Diesel', '5.0 L/100km', 'FWD', 'Sedan', '€32,000', '€7,000–€10,000', 32000.00, 7000.00, 10000.00, (SELECT id FROM public.fuel_types WHERE name = 'Diesel'), (SELECT id FROM public.drive_types WHERE name = 'FWD'), (SELECT id FROM public.body_types WHERE name = 'Sedan'), 5.0, 'L/100km'),
  ((SELECT id FROM public.brands WHERE name = 'Audi' LIMIT 1), 'A4', 2020, '2.0 TFSI', 190, 'Petrol', '6.5 L/100km', 'Quattro', 'Sedan', '€43,000', '€30,000–€36,000', 43000.00, 30000.00, 36000.00, (SELECT id FROM public.fuel_types WHERE name = 'Petrol'), (SELECT id FROM public.drive_types WHERE name = 'AWD'), (SELECT id FROM public.body_types WHERE name = 'Sedan'), 6.5, 'L/100km'),
  ((SELECT id FROM public.brands WHERE name = 'Audi' LIMIT 1), 'A5', 2008, '3.2L V6 Petrol', 265, 'Petrol', '9.5 L/100km', 'Quattro', 'Coupe', '€42,000', '€5,000–€7,500', 42000.00, 5000.00, 7500.00, (SELECT id FROM public.fuel_types WHERE name = 'Petrol'), (SELECT id FROM public.drive_types WHERE name = 'AWD'), (SELECT id FROM public.body_types WHERE name = 'Coupe'), 9.5, 'L/100km'),
  ((SELECT id FROM public.brands WHERE name = 'Audi' LIMIT 1), 'A5', 2015, '2.0 TDI', 190, 'Diesel', '5.4 L/100km', 'FWD', 'Coupe', '€45,000', '€15,000–€18,000', 45000.00, 15000.00, 18000.00, (SELECT id FROM public.fuel_types WHERE name = 'Diesel'), (SELECT id FROM public.drive_types WHERE name = 'FWD'), (SELECT id FROM public.body_types WHERE name = 'Coupe'), 5.4, 'L/100km'),
  ((SELECT id FROM public.brands WHERE name = 'Audi' LIMIT 1), 'A6', 2006, '2.4L Petrol', 177, 'Petrol', '9.9 L/100km', 'FWD', 'Sedan', '€39,000', '€2,000–€4,000', 39000.00, 2000.00, 4000.00, (SELECT id FROM public.fuel_types WHERE name = 'Petrol'), (SELECT id FROM public.drive_types WHERE name = 'FWD'), (SELECT id FROM public.body_types WHERE name = 'Sedan'), 9.9, 'L/100km'),
  ((SELECT id FROM public.brands WHERE name = 'Audi' LIMIT 1), 'A6', 2014, '3.0 TDI', 245, 'Diesel', '6.1 L/100km', 'Quattro', 'Sedan', '€52,000', '€15,000–€18,000', 52000.00, 15000.00, 18000.00, (SELECT id FROM public.fuel_types WHERE name = 'Diesel'), (SELECT id FROM public.drive_types WHERE name = 'AWD'), (SELECT id FROM public.body_types WHERE name = 'Sedan'), 6.1, 'L/100km'),
  ((SELECT id FROM public.brands WHERE name = 'Audi' LIMIT 1), 'A6', 2022, '2.0 TFSI', 265, 'Petrol', '7.0 L/100km', 'Quattro', 'Sedan', '€62,000', '€48,000–€55,000', 62000.00, 48000.00, 55000.00, (SELECT id FROM public.fuel_types WHERE name = 'Petrol'), (SELECT id FROM public.drive_types WHERE name = 'AWD'), (SELECT id FROM public.body_types WHERE name = 'Sedan'), 7.0, 'L/100km'),
  ((SELECT id FROM public.brands WHERE name = 'Audi' LIMIT 1), 'A7', 2011, '3.0 TDI', 245, 'Diesel', '6.5 L/100km', 'Quattro', 'Sportback', '€60,000', '€12,000–€14,000', 60000.00, 12000.00, 14000.00, (SELECT id FROM public.fuel_types WHERE name = 'Diesel'), (SELECT id FROM public.drive_types WHERE name = 'AWD'), (SELECT id FROM public.body_types WHERE name = 'Sportback'), 6.5, 'L/100km'),
  ((SELECT id FROM public.brands WHERE name = 'Audi' LIMIT 1), 'A7', 2018, '3.0 TFSI', 340, 'Petrol', '8.1 L/100km', 'Quattro', 'Sportback', '€75,000', '€40,000–€48,000', 75000.00, 40000.00, 48000.00, (SELECT id FROM public.fuel_types WHERE name = 'Petrol'), (SELECT id FROM public.drive_types WHERE name = 'AWD'), (SELECT id FROM public.body_types WHERE name = 'Sportback'), 8.1, 'L/100km'),
  ((SELECT id FROM public.brands WHERE name = 'Audi' LIMIT 1), 'A8', 2008, '4.2 V8', 350, 'Petrol', '11.8 L/100km', 'Quattro', 'Luxury Sedan', '€85,000', '€6,000–€8,000', 85000.00, 6000.00, 8000.00, (SELECT id FROM public.fuel_types WHERE name = 'Petrol'), (SELECT id FROM public.drive_types WHERE name = 'AWD'), (SELECT id FROM public.body_types WHERE name = 'Luxury Sedan'), 11.8, 'L/100km'),
  ((SELECT id FROM public.brands WHERE name = 'Audi' LIMIT 1), 'A8', 2017, '3.0 TDI', 262, 'Diesel', '6.5 L/100km', 'Quattro', 'Luxury Sedan', '€95,000', '€30,000–€38,000', 95000.00, 30000.00, 38000.00, (SELECT id FROM public.fuel_types WHERE name = 'Diesel'), (SELECT id FROM public.drive_types WHERE name = 'AWD'), (SELECT id FROM public.body_types WHERE name = 'Luxury Sedan'), 6.5, 'L/100km'),
  ((SELECT id FROM public.brands WHERE name = 'Audi' LIMIT 1), 'Q2', 2017, '1.4 TFSI', 150, 'Petrol', '5.6 L/100km', 'FWD', 'Small SUV', '€25,000', '€15,000–€20,000', 25000.00, 15000.00, 20000.00, (SELECT id FROM public.fuel_types WHERE name = 'Petrol'), (SELECT id FROM public.drive_types WHERE name = 'FWD'), (SELECT id FROM public.body_types WHERE name = 'Small SUV'), 5.6, 'L/100km'),
  ((SELECT id FROM public.brands WHERE name = 'Audi' LIMIT 1), 'Q3', 2013, '2.0 TDI', 177, 'Diesel', '5.8 L/100km', 'Quattro', 'Small SUV', '€36,000', '€10,000–€14,000', 36000.00, 10000.00, 14000.00, (SELECT id FROM public.fuel_types WHERE name = 'Diesel'), (SELECT id FROM public.drive_types WHERE name = 'AWD'), (SELECT id FROM public.body_types WHERE name = 'Small SUV'), 5.8, 'L/100km'),
  ((SELECT id FROM public.brands WHERE name = 'Audi' LIMIT 1), 'Q3', 2021, '1.5 TFSI', 150, 'Petrol', '6.2 L/100km', 'FWD', 'Small SUV', '€38,000', '€28,000–€32,000', 38000.00, 28000.00, 32000.00, (SELECT id FROM public.fuel_types WHERE name = 'Petrol'), (SELECT id FROM public.drive_types WHERE name = 'FWD'), (SELECT id FROM public.body_types WHERE name = 'Small SUV'), 6.2, 'L/100km'),
  ((SELECT id FROM public.brands WHERE name = 'Audi' LIMIT 1), 'Q5', 2009, '2.0 TDI', 170, 'Diesel', '6.7 L/100km', 'Quattro', 'SUV', '€43,000', '€7,000–€10,000', 43000.00, 7000.00, 10000.00, (SELECT id FROM public.fuel_types WHERE name = 'Diesel'), (SELECT id FROM public.drive_types WHERE name = 'AWD'), (SELECT id FROM public.body_types WHERE name = 'SUV'), 6.7, 'L/100km'),
  ((SELECT id FROM public.brands WHERE name = 'Audi' LIMIT 1), 'Q5', 2018, '2.0 TFSI', 252, 'Petrol', '7.3 L/100km', 'Quattro', 'SUV', '€54,000', '€30,000–€36,000', 54000.00, 30000.00, 36000.00, (SELECT id FROM public.fuel_types WHERE name = 'Petrol'), (SELECT id FROM public.drive_types WHERE name = 'AWD'), (SELECT id FROM public.body_types WHERE name = 'SUV'), 7.3, 'L/100km'),
  ((SELECT id FROM public.brands WHERE name = 'Audi' LIMIT 1), 'Q7', 2007, '3.0 TDI', 233, 'Diesel', '10.5 L/100km', 'Quattro', 'Large SUV', '€62,000', '€7,500–€10,500', 62000.00, 7500.00, 10500.00, (SELECT id FROM public.fuel_types WHERE name = 'Diesel'), (SELECT id FROM public.drive_types WHERE name = 'AWD'), (SELECT id FROM public.body_types WHERE name = 'Large SUV'), 10.5, 'L/100km'),
  ((SELECT id FROM public.brands WHERE name = 'Audi' LIMIT 1), 'Q7', 2020, '3.0 TFSI', 340, 'Petrol', '9.9 L/100km', 'Quattro', 'Large SUV', '€78,000', '€55,000–€62,000', 78000.00, 55000.00, 62000.00, (SELECT id FROM public.fuel_types WHERE name = 'Petrol'), (SELECT id FROM public.drive_types WHERE name = 'AWD'), (SELECT id FROM public.body_types WHERE name = 'Large SUV'), 9.9, 'L/100km'),
  ((SELECT id FROM public.brands WHERE name = 'Audi' LIMIT 1), 'Q8', 2019, '3.0 TFSI', 340, 'Petrol', '9.1 L/100km', 'Quattro', 'Luxury SUV', '€80,000', '€55,000–€65,000', 80000.00, 55000.00, 65000.00, (SELECT id FROM public.fuel_types WHERE name = 'Petrol'), (SELECT id FROM public.drive_types WHERE name = 'AWD'), (SELECT id FROM public.body_types WHERE name = 'Luxury SUV'), 9.1, 'L/100km'),
  ((SELECT id FROM public.brands WHERE name = 'Audi' LIMIT 1), 'TT', 2004, '1.8T', 190, 'Petrol', '8.5 L/100km', 'Quattro', 'Coupe', '€38,000', '€4,000–€6,000', 38000.00, 4000.00, 6000.00, (SELECT id FROM public.fuel_types WHERE name = 'Petrol'), (SELECT id FROM public.drive_types WHERE name = 'AWD'), (SELECT id FROM public.body_types WHERE name = 'Coupe'), 8.5, 'L/100km'),
  ((SELECT id FROM public.brands WHERE name = 'Audi' LIMIT 1), 'TT', 2016, '2.0 TFSI', 230, 'Petrol', '7.2 L/100km', 'FWD / Quattro', 'Coupe', '€50,000', '€20,000–€26,000', 50000.00, 20000.00, 26000.00, (SELECT id FROM public.fuel_types WHERE name = 'Petrol'), (SELECT id FROM public.drive_types WHERE name = 'AWD'), (SELECT id FROM public.body_types WHERE name = 'Coupe'), 7.2, 'L/100km'),
  ((SELECT id FROM public.brands WHERE name = 'Audi' LIMIT 1), 'S3', 2015, '2.0 TFSI', 300, 'Petrol', '7.0 L/100km', 'Quattro', 'Hot Hatch', '€48,000', '€22,000–€28,000', 48000.00, 22000.00, 28000.00, (SELECT id FROM public.fuel_types WHERE name = 'Petrol'), (SELECT id FROM public.drive_types WHERE name = 'AWD'), (SELECT id FROM public.body_types WHERE name = 'Hot Hatch'), 7.0, 'L/100km'),
  ((SELECT id FROM public.brands WHERE name = 'Audi' LIMIT 1), 'S4', 2018, '3.0 TFSI', 354, 'Petrol', '8.0 L/100km', 'Quattro', 'Sport Sedan', '€62,000', '€38,000–€45,000', 62000.00, 38000.00, 45000.00, (SELECT id FROM public.fuel_types WHERE name = 'Petrol'), (SELECT id FROM public.drive_types WHERE name = 'AWD'), (SELECT id FROM public.body_types WHERE name = 'Sport Sedan'), 8.0, 'L/100km'),
  ((SELECT id FROM public.brands WHERE name = 'Audi' LIMIT 1), 'RS3', 2021, '2.5 TFSI', 400, 'Petrol', '8.8 L/100km', 'Quattro', 'Hot Hatch', '€62,000', '€55,000–€60,000', 62000.00, 55000.00, 60000.00, (SELECT id FROM public.fuel_types WHERE name = 'Petrol'), (SELECT id FROM public.drive_types WHERE name = 'AWD'), (SELECT id FROM public.body_types WHERE name = 'Hot Hatch'), 8.8, 'L/100km'),
  ((SELECT id FROM public.brands WHERE name = 'Audi' LIMIT 1), 'RS6', 2018, '4.0 V8 Twin-Turbo', 560, 'Petrol', '11.6 L/100km', 'Quattro', 'Super Wagon', '€112,000', '€68,000–€85,000', 112000.00, 68000.00, 85000.00, (SELECT id FROM public.fuel_types WHERE name = 'Petrol'), (SELECT id FROM public.drive_types WHERE name = 'AWD'), (SELECT id FROM public.body_types WHERE name = 'Super Wagon'), 11.6, 'L/100km'),
  ((SELECT id FROM public.brands WHERE name = 'Audi' LIMIT 1), 'R8', 2015, '5.2 V10', 540, 'Petrol', '12.5–14.0 L/100km', 'RWD / Quattro', 'Supercar', '€150,000–€180,000', '€90,000–€130,000', 150000.00, 90000.00, 130000.00, (SELECT id FROM public.fuel_types WHERE name = 'Petrol'), (SELECT id FROM public.drive_types WHERE name = 'AWD'), (SELECT id FROM public.body_types WHERE name = 'Supercar'), 12.5, 'L/100km');
