INSERT INTO public.fuel_types (name) VALUES
  ('Petrol'),
  ('Diesel'),
  ('Hybrid'),
  ('Electric')
ON CONFLICT (name) DO NOTHING;

INSERT INTO public.drive_types (name) VALUES
  ('FWD'),
  ('RWD'),
  ('AWD'),
  ('4WD'),
  ('FWD / AWD'),
  ('RWD / AWD')
ON CONFLICT (name) DO NOTHING;

INSERT INTO public.body_types (name) VALUES
  ('Hatchback'),
  ('Sedan'),
  ('SUV'),
  ('Crossover'),
  ('Coupe'),
  ('Wagon'),
  ('Pickup'),
  ('Sports Coupe'),
  ('Hybrid Hatchback'),
  ('Microvan'),
  ('City Car'),
  ('Mini Car'),
  ('MPV'),
  ('Convertible'),
  ('Luxury Sedan'),
  ('Grand Tourer'),
  ('Hot Hatch'),
  ('Electric Hatchback'),
  ('Performance Sedan'),
  ('Sports Sedan'),
  ('Off-Road SUV'),
  ('Roadster'),
  ('Hypercar'),
  ('Minivan'),
  ('Van'),
  ('Full-Size SUV'),
  ('Luxury SUV'),
  ('Shooting Brake'),
  ('Estate / Wagon'),
  ('Compact Hatchback'),
  ('Subcompact Hatchback'),
  ('Subcompact SUV'),
  ('Compact SUV'),
  ('Micro SUV'),
  ('Large MPV'),
  ('Executive Sedan'),
  ('Luxury GT'),
  ('Sportback'),
  ('Coupe SUV'),
  ('Electric Crossover'),
  ('Electric Sedan'),
  ('Truck'),
  ('Hyper-EV'),
  ('Supercar'),
  ('Grand Tourer')
ON CONFLICT (name) DO NOTHING;

INSERT INTO public.brands (name) VALUES
  ('Toyota'),
  ('Tesla'),
  ('Subaru'),
  ('Renault'),
  ('Opel'),
  ('Mitsubishi'),
  ('Kia'),
  ('Hyundai'),
  ('Volkswagen'),
  ('Mercedes-Benz'),
  ('BMW'),
  ('Koenigsegg'),
  ('Ferrari'),
  ('Bentley'),
  ('Audi')
ON CONFLICT (name) DO NOTHING;

INSERT INTO public.cars (
  brand_id,
  model,
  year,
  engine,
  horsepower,
  fuel,
  consumption,
  drivetrain,
  body_type,
  price_new,
  price_used,
  price_new_eur,
  price_used_min_eur,
  price_used_max_eur,
  fuel_type_id,
  drive_type_id,
  body_type_id,
  consumption_value,
  consumption_unit
)
VALUES
  ((SELECT id FROM public.brands WHERE name = 'Toyota' LIMIT 1), 'YARIS', 2006, '1.3L Petrol', 87, 'Petrol', '5.9 L/100km', 'FWD', 'Hatchback', '€12,000', '€2,000–€3,000', 12000.00, 2000.00, 3000.00, (SELECT id FROM public.fuel_types WHERE name = 'Petrol'), (SELECT id FROM public.drive_types WHERE name = 'FWD'), (SELECT id FROM public.body_types WHERE name = 'Hatchback'), 5.9, 'L/100km'),
  ((SELECT id FROM public.brands WHERE name = 'Toyota' LIMIT 1), 'YARIS', 2014, '1.4 D-4D', 90, 'Diesel', '4.0 L/100km', 'FWD', 'Hatchback', '€14,000', '€6,000–€8,000', 14000.00, 6000.00, 8000.00, (SELECT id FROM public.fuel_types WHERE name = 'Diesel'), (SELECT id FROM public.drive_types WHERE name = 'FWD'), (SELECT id FROM public.body_types WHERE name = 'Hatchback'), 4.0, 'L/100km'),
  ((SELECT id FROM public.brands WHERE name = 'Toyota' LIMIT 1), 'YARIS HYBRID', 2020, '1.5 Hybrid', 116, 'Hybrid', '3.5 L/100km', 'FWD', 'Hybrid Hatchback', '€19,000', '€16,000–€18,000', 19000.00, 16000.00, 18000.00, (SELECT id FROM public.fuel_types WHERE name = 'Hybrid'), (SELECT id FROM public.drive_types WHERE name = 'FWD'), (SELECT id FROM public.body_types WHERE name = 'Hybrid Hatchback'), 3.5, 'L/100km'),
  ((SELECT id FROM public.brands WHERE name = 'Toyota' LIMIT 1), 'COROLLA', 2005, '1.6L Petrol', 110, 'Petrol', '7.0 L/100km', 'FWD', 'Sedan', '€17,000', '€2,000–€3,000', 17000.00, 2000.00, 3000.00, (SELECT id FROM public.fuel_types WHERE name = 'Petrol'), (SELECT id FROM public.drive_types WHERE name = 'FWD'), (SELECT id FROM public.body_types WHERE name = 'Sedan'), 7.0, 'L/100km'),
  ((SELECT id FROM public.brands WHERE name = 'Toyota' LIMIT 1), 'COROLLA', 2012, '1.4 D-4D', 90, 'Diesel', '4.2 L/100km', 'FWD', 'Hatchback', '€19,000', '€6,000–€8,000', 19000.00, 6000.00, 8000.00, (SELECT id FROM public.fuel_types WHERE name = 'Diesel'), (SELECT id FROM public.drive_types WHERE name = 'FWD'), (SELECT id FROM public.body_types WHERE name = 'Hatchback'), 4.2, 'L/100km'),
  ((SELECT id FROM public.brands WHERE name = 'Toyota' LIMIT 1), 'COROLLA HYBRID', 2021, '1.8 Hybrid', 122, 'Hybrid', '4.0 L/100km', 'FWD', 'Sedan/Hatch', '€26,000', '€22,000–€25,000', 26000.00, 22000.00, 25000.00, (SELECT id FROM public.fuel_types WHERE name = 'Hybrid'), (SELECT id FROM public.drive_types WHERE name = 'FWD'), NULL, 4.0, 'L/100km'),
  ((SELECT id FROM public.brands WHERE name = 'Toyota' LIMIT 1), 'AURIS', 2008, '1.6L Petrol', 124, 'Petrol', '6.7 L/100km', 'FWD', 'Hatchback', '€18,000', '€3,000–€5,000', 18000.00, 3000.00, 5000.00, (SELECT id FROM public.fuel_types WHERE name = 'Petrol'), (SELECT id FROM public.drive_types WHERE name = 'FWD'), (SELECT id FROM public.body_types WHERE name = 'Hatchback'), 6.7, 'L/100km'),
  ((SELECT id FROM public.brands WHERE name = 'Toyota' LIMIT 1), 'AURIS HYBRID', 2014, '1.8 Hybrid', 136, 'Hybrid', '3.7 L/100km', 'FWD', 'Hatchback', '€22,000', '€10,000–€14,000', 22000.00, 10000.00, 14000.00, (SELECT id FROM public.fuel_types WHERE name = 'Hybrid'), (SELECT id FROM public.drive_types WHERE name = 'FWD'), (SELECT id FROM public.body_types WHERE name = 'Hatchback'), 3.7, 'L/100km'),
  ((SELECT id FROM public.brands WHERE name = 'Toyota' LIMIT 1), 'PRIUS', 2007, '1.5 Hybrid', 110, 'Hybrid', '4.1 L/100km', 'FWD', 'Hybrid Sedan', '€23,000', '€3,000–€5,000', 23000.00, 3000.00, 5000.00, (SELECT id FROM public.fuel_types WHERE name = 'Hybrid'), (SELECT id FROM public.drive_types WHERE name = 'FWD'), (SELECT id FROM public.body_types WHERE name = 'Hybrid Sedan'), 4.1, 'L/100km'),
  ((SELECT id FROM public.brands WHERE name = 'Toyota' LIMIT 1), 'PRIUS', 2016, '1.8 Hybrid', 122, 'Hybrid', '3.4 L/100km', 'FWD', 'Hybrid Sedan', '€30,000', '€15,000–€18,000', 30000.00, 15000.00, 18000.00, (SELECT id FROM public.fuel_types WHERE name = 'Hybrid'), (SELECT id FROM public.drive_types WHERE name = 'FWD'), (SELECT id FROM public.body_types WHERE name = 'Hybrid Sedan'), 3.4, 'L/100km'),
  ((SELECT id FROM public.brands WHERE name = 'Toyota' LIMIT 1), 'CAMRY', 2010, '2.4L Petrol', 167, 'Petrol', '8.5 L/100km', 'FWD', 'Sedan', '€25,000', '€6,000–€8,000', 25000.00, 6000.00, 8000.00, (SELECT id FROM public.fuel_types WHERE name = 'Petrol'), (SELECT id FROM public.drive_types WHERE name = 'FWD'), (SELECT id FROM public.body_types WHERE name = 'Sedan'), 8.5, 'L/100km'),
  ((SELECT id FROM public.brands WHERE name = 'Toyota' LIMIT 1), 'CAMRY HYBRID', 2019, '2.5L Hybrid', 218, 'Hybrid', '4.2 L/100km', 'FWD', 'Sedan', '€36,000', '€25,000–€30,000', 36000.00, 25000.00, 30000.00, (SELECT id FROM public.fuel_types WHERE name = 'Hybrid'), (SELECT id FROM public.drive_types WHERE name = 'FWD'), (SELECT id FROM public.body_types WHERE name = 'Sedan'), 4.2, 'L/100km'),
  ((SELECT id FROM public.brands WHERE name = 'Toyota' LIMIT 1), 'AVENSIS', 2009, '1.6L Petrol', 132, 'Petrol', '6.5 L/100km', 'FWD', 'Sedan', '€24,000', '€3,000–€5,000', 24000.00, 3000.00, 5000.00, (SELECT id FROM public.fuel_types WHERE name = 'Petrol'), (SELECT id FROM public.drive_types WHERE name = 'FWD'), (SELECT id FROM public.body_types WHERE name = 'Sedan'), 6.5, 'L/100km'),
  ((SELECT id FROM public.brands WHERE name = 'Toyota' LIMIT 1), 'AVENSIS', 2015, '1.8L Petrol', 147, 'Petrol', '6.1 L/100km', 'FWD', 'Sedan', '€28,000', '€12,000–€15,000', 28000.00, 12000.00, 15000.00, (SELECT id FROM public.fuel_types WHERE name = 'Petrol'), (SELECT id FROM public.drive_types WHERE name = 'FWD'), (SELECT id FROM public.body_types WHERE name = 'Sedan'), 6.1, 'L/100km'),
  ((SELECT id FROM public.brands WHERE name = 'Toyota' LIMIT 1), 'RAV4', 2008, '2.2 D-4D', 136, 'Diesel', '6.6 L/100km', 'AWD', 'SUV', '€30,000', '€6,000–€9,000', 30000.00, 6000.00, 9000.00, (SELECT id FROM public.fuel_types WHERE name = 'Diesel'), (SELECT id FROM public.drive_types WHERE name = 'AWD'), (SELECT id FROM public.body_types WHERE name = 'SUV'), 6.6, 'L/100km'),
  ((SELECT id FROM public.brands WHERE name = 'Toyota' LIMIT 1), 'RAV4 HYBRID', 2016, '2.5L Hybrid', 197, 'Hybrid', '5.0 L/100km', 'AWD', 'SUV', '€35,000', '€20,000–€25,000', 35000.00, 20000.00, 25000.00, (SELECT id FROM public.fuel_types WHERE name = 'Hybrid'), (SELECT id FROM public.drive_types WHERE name = 'AWD'), (SELECT id FROM public.body_types WHERE name = 'SUV'), 5.0, 'L/100km'),
  ((SELECT id FROM public.brands WHERE name = 'Toyota' LIMIT 1), 'RAV4', 2021, '2.5 Hybrid', 222, 'Hybrid', '4.7 L/100km', 'FWD / AWD', 'SUV', '€38,000', '€32,000–€35,000', 38000.00, 32000.00, 35000.00, (SELECT id FROM public.fuel_types WHERE name = 'Hybrid'), NULL, (SELECT id FROM public.body_types WHERE name = 'SUV'), 4.7, 'L/100km'),
  ((SELECT id FROM public.brands WHERE name = 'Toyota' LIMIT 1), 'HIGHLANDER', 2010, '3.5L V6', 270, 'Petrol', '10.4 L/100km', 'AWD', 'SUV', '€35,000', '€9,000–€12,000', 35000.00, 9000.00, 12000.00, (SELECT id FROM public.fuel_types WHERE name = 'Petrol'), (SELECT id FROM public.drive_types WHERE name = 'AWD'), (SELECT id FROM public.body_types WHERE name = 'SUV'), 10.4, 'L/100km'),
  ((SELECT id FROM public.brands WHERE name = 'Toyota' LIMIT 1), 'HIGHLANDER HYBRID', 2021, '2.5L Hybrid', 243, 'Hybrid', '6.6 L/100km', 'AWD', 'SUV', '€45,000', '€35,000–€40,000', 45000.00, 35000.00, 40000.00, (SELECT id FROM public.fuel_types WHERE name = 'Hybrid'), (SELECT id FROM public.drive_types WHERE name = 'AWD'), (SELECT id FROM public.body_types WHERE name = 'SUV'), 6.6, 'L/100km'),
  ((SELECT id FROM public.brands WHERE name = 'Toyota' LIMIT 1), 'LAND CRUISER', 2008, '4.5 V8 Diesel', 286, 'Diesel', '11.0 L/100km', 'AWD', 'Off-Road SUV', '€60,000', '€18,000–€25,000', 60000.00, 18000.00, 25000.00, (SELECT id FROM public.fuel_types WHERE name = 'Diesel'), (SELECT id FROM public.drive_types WHERE name = 'AWD'), (SELECT id FROM public.body_types WHERE name = 'Off-Road SUV'), 11.0, 'L/100km'),
  ((SELECT id FROM public.brands WHERE name = 'Toyota' LIMIT 1), 'LAND CRUISER', 2016, '4.5 V8 Diesel', 272, 'Diesel', '10.5 L/100km', 'AWD', 'Off-Road SUV', '€75,000', '€45,000–€55,000', 75000.00, 45000.00, 55000.00, (SELECT id FROM public.fuel_types WHERE name = 'Diesel'), (SELECT id FROM public.drive_types WHERE name = 'AWD'), (SELECT id FROM public.body_types WHERE name = 'Off-Road SUV'), 10.5, 'L/100km'),
  ((SELECT id FROM public.brands WHERE name = 'Toyota' LIMIT 1), 'LAND CRUISER', 2021, '2.8L Diesel', 204, 'Diesel', '7.9 L/100km', 'AWD', 'SUV', '€80,000', '€70,000–€75,000', 80000.00, 70000.00, 75000.00, (SELECT id FROM public.fuel_types WHERE name = 'Diesel'), (SELECT id FROM public.drive_types WHERE name = 'AWD'), (SELECT id FROM public.body_types WHERE name = 'SUV'), 7.9, 'L/100km'),
  ((SELECT id FROM public.brands WHERE name = 'Toyota' LIMIT 1), 'HILUX', 2012, '3.0L Diesel', 171, 'Diesel', '8.0 L/100km', 'AWD', 'Pickup', '€30,000', '€10,000–€15,000', 30000.00, 10000.00, 15000.00, (SELECT id FROM public.fuel_types WHERE name = 'Diesel'), (SELECT id FROM public.drive_types WHERE name = 'AWD'), (SELECT id FROM public.body_types WHERE name = 'Pickup'), 8.0, 'L/100km'),
  ((SELECT id FROM public.brands WHERE name = 'Toyota' LIMIT 1), 'HILUX', 2020, '2.8L Diesel', 204, 'Diesel', '7.8 L/100km', 'AWD', 'Pickup', '€38,000', '€30,000–€35,000', 38000.00, 30000.00, 35000.00, (SELECT id FROM public.fuel_types WHERE name = 'Diesel'), (SELECT id FROM public.drive_types WHERE name = 'AWD'), (SELECT id FROM public.body_types WHERE name = 'Pickup'), 7.8, 'L/100km'),
  ((SELECT id FROM public.brands WHERE name = 'Toyota' LIMIT 1), 'SUPRA', 1998, '3.0 Twin-Turbo', 330, 'Petrol', '10.3 L/100km', 'RWD', 'Sports Coupe', '€45,000', '€40,000–€90,000', 45000.00, 40000.00, 90000.00, (SELECT id FROM public.fuel_types WHERE name = 'Petrol'), (SELECT id FROM public.drive_types WHERE name = 'RWD'), (SELECT id FROM public.body_types WHERE name = 'Sports Coupe'), 10.3, 'L/100km'),
  ((SELECT id FROM public.brands WHERE name = 'Toyota' LIMIT 1), 'SUPRA', 2020, '3.0L Turbo', 340, 'Petrol', '7.5 L/100km', 'RWD', 'Sports Coupe', '€50,000', '€45,000–€55,000', 50000.00, 45000.00, 55000.00, (SELECT id FROM public.fuel_types WHERE name = 'Petrol'), (SELECT id from public.drive_types WHERE name = 'RWD'), (SELECT id FROM public.body_types WHERE name = 'Sports Coupe'), 7.5, 'L/100km'),
  ((SELECT id FROM public.brands WHERE name = 'Toyota' LIMIT 1), 'GT86', 2014, '2.0L Petrol', 200, 'Petrol', '7.1 L/100km', 'RWD', 'Sports Coupe', '€30,000', '€12,000–€16,000', 30000.00, 12000.00, 16000.00, (SELECT id FROM public.fuel_types WHERE name = 'Petrol'), (SELECT id FROM public.drive_types WHERE name = 'RWD'), (SELECT id FROM public.body_types WHERE name = 'Sports Coupe'), 7.1, 'L/100km'),
  ((SELECT id FROM public.brands WHERE name = 'Toyota' LIMIT 1), 'C-HR HYBRID', 2018, '1.8 Hybrid', 122, 'Hybrid', '4.1 L/100km', 'FWD', 'Crossover', '€28,000', '€18,000–€23,000', 28000.00, 18000.00, 23000.00, (SELECT id FROM public.fuel_types WHERE name = 'Hybrid'), (SELECT id FROM public.drive_types WHERE name = 'FWD'), (SELECT id FROM public.body_types WHERE name = 'Crossover'), 4.1, 'L/100km'),
  ((SELECT id FROM public.brands WHERE name = 'Toyota' LIMIT 1), 'C-HR', 2021, '2.0 Hybrid', 184, 'Hybrid', '4.5 L/100km', 'FWD', 'Crossover', '€32,000', '€26,000–€30,000', 32000.00, 26000.00, 30000.00, (SELECT id FROM public.fuel_types WHERE name = 'Hybrid'), (SELECT id FROM public.drive_types WHERE name = 'FWD'), (SELECT id FROM public.body_types WHERE name = 'Crossover'), 4.5, 'L/100km');

-- SUBARU entries
INSERT INTO public.cars (
  brand_id,
  model,
  year,
  engine,
  horsepower,
  fuel,
  consumption,
  drivetrain,
  body_type,
  price_new,
  price_used,
  price_new_eur,
  price_used_min_eur,
  price_used_max_eur,
  fuel_type_id,
  drive_type_id,
  body_type_id,
  consumption_value,
  consumption_unit
)
VALUES
  ((SELECT id FROM public.brands WHERE name = 'Subaru' LIMIT 1), 'LEGACY', 2006, '2.0L Petrol', 138, 'Petrol', '7.8 L/100km', 'AWD', 'Sedan', '€25,000', '€3,000–€5,000', 25000.00, 3000.00, 5000.00, (SELECT id FROM public.fuel_types WHERE name = 'Petrol'), (SELECT id FROM public.drive_types WHERE name = 'AWD'), (SELECT id FROM public.body_types WHERE name = 'Sedan'), 7.8, 'L/100km'),
  ((SELECT id FROM public.brands WHERE name = 'Subaru' LIMIT 1), 'LEGACY', 2015, '2.5L Petrol', 175, 'Petrol', '7.3 L/100km', 'AWD', 'Sedan', '€28,000', '€12,000–€15,000', 28000.00, 12000.00, 15000.00, (SELECT id FROM public.fuel_types WHERE name = 'Petrol'), (SELECT id FROM public.drive_types WHERE name = 'AWD'), (SELECT id FROM public.body_types WHERE name = 'Sedan'), 7.3, 'L/100km'),
  ((SELECT id FROM public.brands WHERE name = 'Subaru' LIMIT 1), 'IMPREZA', 2007, '1.5L Petrol', 107, 'Petrol', '7.0 L/100km', 'AWD', 'Hatchback', '€18,000', '€2,500–€4,000', 18000.00, 2500.00, 4000.00, (SELECT id FROM public.fuel_types WHERE name = 'Petrol'), (SELECT id FROM public.drive_types WHERE name = 'AWD'), (SELECT id FROM public.body_types WHERE name = 'Hatchback'), 7.0, 'L/100km'),
  ((SELECT id FROM public.brands WHERE name = 'Subaru' LIMIT 1), 'IMPREZA WRX', 2012, '2.5L Turbo', 265, 'Petrol', '9.9 L/100km', 'AWD', 'Performance Sedan', '€32,000', '€14,000–€18,000', 32000.00, 14000.00, 18000.00, (SELECT id FROM public.fuel_types WHERE name = 'Petrol'), (SELECT id FROM public.drive_types WHERE name = 'AWD'), (SELECT id FROM public.body_types WHERE name = 'Performance Sedan'), 9.9, 'L/100km'),
  ((SELECT id FROM public.brands WHERE name = 'Subaru' LIMIT 1), 'WRX STI', 2017, '2.5L Turbo', 300, 'Petrol', '10.5 L/100km', 'AWD', 'Performance Sedan', '€45,000', '€30,000–€36,000', 45000.00, 30000.00, 36000.00, (SELECT id FROM public.fuel_types WHERE name = 'Petrol'), (SELECT id FROM public.drive_types WHERE name = 'AWD'), (SELECT id FROM public.body_types WHERE name = 'Performance Sedan'), 10.5, 'L/100km'),
  ((SELECT id FROM public.brands WHERE name = 'Subaru' LIMIT 1), 'OUTBACK', 2010, '2.5L Petrol', 167, 'Petrol', '8.4 L/100km', 'AWD', 'Wagon', '€27,000', '€5,000–€7,000', 27000.00, 5000.00, 7000.00, (SELECT id FROM public.fuel_types WHERE name = 'Petrol'), (SELECT id FROM public.drive_types WHERE name = 'AWD'), (SELECT id FROM public.body_types WHERE name = 'Wagon'), 8.4, 'L/100km'),
  ((SELECT id FROM public.brands WHERE name = 'Subaru' LIMIT 1), 'OUTBACK', 2018, '2.5L Petrol', 175, 'Petrol', '7.0 L/100km', 'AWD', 'Crossover', '€35,000', '€23,000–€28,000', 35000.00, 23000.00, 28000.00, (SELECT id FROM public.fuel_types WHERE name = 'Petrol'), (SELECT id FROM public.drive_types WHERE name = 'AWD'), (SELECT id FROM public.body_types WHERE name = 'Crossover'), 7.0, 'L/100km'),
  ((SELECT id FROM public.brands WHERE name = 'Subaru' LIMIT 1), 'FORESTER', 2008, '2.0L Petrol', 150, 'Petrol', '8.2 L/100km', 'AWD', 'SUV', '€25,000', '€4,000–€6,000', 25000.00, 4000.00, 6000.00, (SELECT id FROM public.fuel_types WHERE name = 'Petrol'), (SELECT id FROM public.drive_types WHERE name = 'AWD'), (SELECT id FROM public.body_types WHERE name = 'SUV'), 8.2, 'L/100km'),
  ((SELECT id FROM public.brands WHERE name = 'Subaru' LIMIT 1), 'FORESTER', 2016, '2.0L Petrol', 150, 'Petrol', '7.4 L/100km', 'AWD', 'SUV', '€32,000', '€18,000–€23,000', 32000.00, 18000.00, 23000.00, (SELECT id FROM public.fuel_types WHERE name = 'Petrol'), (SELECT id FROM public.drive_types WHERE name = 'AWD'), (SELECT id FROM public.body_types WHERE name = 'SUV'), 7.4, 'L/100km'),
  ((SELECT id FROM public.brands WHERE name = 'Subaru' LIMIT 1), 'FORESTER HYBRID', 2020, '2.0L Hybrid', 150, 'Hybrid', '6.7 L/100km', 'AWD', 'SUV', '€38,000', '€30,000–€35,000', 38000.00, 30000.00, 35000.00, (SELECT id FROM public.fuel_types WHERE name = 'Hybrid'), (SELECT id FROM public.drive_types WHERE name = 'AWD'), (SELECT id FROM public.body_types WHERE name = 'SUV'), 6.7, 'L/100km'),
  ((SELECT id FROM public.brands WHERE name = 'Subaru' LIMIT 1), 'XV', 2013, '2.0L Petrol', 150, 'Petrol', '6.9 L/100km', 'AWD', 'Crossover', '€24,000', '€8,000–€11,000', 24000.00, 8000.00, 11000.00, (SELECT id FROM public.fuel_types WHERE name = 'Petrol'), (SELECT id FROM public.drive_types WHERE name = 'AWD'), (SELECT id FROM public.body_types WHERE name = 'Crossover'), 6.9, 'L/100km'),
  ((SELECT id FROM public.brands WHERE name = 'Subaru' LIMIT 1), 'XV HYBRID', 2020, '2.0L Hybrid', 150, 'Hybrid', '6.5 L/100km', 'AWD', 'Crossover', '€30,000', '€24,000–€28,000', 30000.00, 24000.00, 28000.00, (SELECT id FROM public.fuel_types WHERE name = 'Hybrid'), (SELECT id FROM public.drive_types WHERE name = 'AWD'), (SELECT id FROM public.body_types WHERE name = 'Crossover'), 6.5, 'L/100km'),
  ((SELECT id FROM public.brands WHERE name = 'Subaru' LIMIT 1), 'BRZ', 2013, '2.0L Petrol', 200, 'Petrol', '7.1 L/100km', 'RWD', 'Sports Coupe', '€30,000', '€15,000–€19,000', 30000.00, 15000.00, 19000.00, (SELECT id FROM public.fuel_types WHERE name = 'Petrol'), (SELECT id FROM public.drive_types WHERE name = 'RWD'), (SELECT id FROM public.body_types WHERE name = 'Sports Coupe'), 7.1, 'L/100km'),
  ((SELECT id FROM public.brands WHERE name = 'Subaru' LIMIT 1), 'BRZ', 2022, '2.4L Petrol', 228, 'Petrol', '8.7 L/100km', 'RWD', 'Sports Coupe', '€34,000', '€30,000–€35,000', 34000.00, 30000.00, 35000.00, (SELECT id FROM public.fuel_types WHERE name = 'Petrol'), (SELECT id FROM public.drive_types WHERE name = 'RWD'), (SELECT id FROM public.body_types WHERE name = 'Sports Coupe'), 8.7, 'L/100km'),
  ((SELECT id FROM public.brands WHERE name = 'Subaru' LIMIT 1), 'TRIBECA', 2008, '3.6L Petrol', 256, 'Petrol', '12.0 L/100km', 'AWD', 'SUV', '€43,000', '€5,000–€8,000', 43000.00, 5000.00, 8000.00, (SELECT id FROM public.fuel_types WHERE name = 'Petrol'), (SELECT id FROM public.drive_types WHERE name = 'AWD'), (SELECT id FROM public.body_types WHERE name = 'SUV'), 12.0, 'L/100km'),
  ((SELECT id FROM public.brands WHERE name = 'Subaru' LIMIT 1), 'TRIBECA', 2012, '3.6L Petrol', 256, 'Petrol', '11.9 L/100km', 'AWD', 'SUV', '€45,000', '€10,000–€13,000', 45000.00, 10000.00, 13000.00, (SELECT id FROM public.fuel_types WHERE name = 'Petrol'), (SELECT id FROM public.drive_types WHERE name = 'AWD'), (SELECT id FROM public.body_types WHERE name = 'SUV'), 11.9, 'L/100km'),
  ((SELECT id FROM public.brands WHERE name = 'Subaru' LIMIT 1), 'LEGACY OUTBACK', 2006, '2.5L Petrol', 165, 'Petrol', '8.5 L/100km', 'AWD', 'Wagon', '€28,000', '€3,000–€5,000', 28000.00, 3000.00, 5000.00, (SELECT id FROM public.fuel_types WHERE name = 'Petrol'), (SELECT id FROM public.drive_types WHERE name = 'AWD'), (SELECT id FROM public.body_types WHERE name = 'Wagon'), 8.5, 'L/100km'),
  ((SELECT id FROM public.brands WHERE name = 'Subaru' LIMIT 1), 'LIBERTY', 2010, '3.6L Petrol', 256, 'Petrol', '10.2 L/100km', 'AWD', 'Sedan', '€35,000', '€7,000–€10,000', 35000.00, 7000.00, 10000.00, (SELECT id FROM public.fuel_types WHERE name = 'Petrol'), (SELECT id FROM public.drive_types WHERE name = 'AWD'), (SELECT id FROM public.body_types WHERE name = 'Sedan'), 10.2, 'L/100km'),
  ((SELECT id FROM public.brands WHERE name = 'Subaru' LIMIT 1), 'SAMBAR', 2005, '0.7L Petrol', 48, 'Petrol', '5.5 L/100km', 'RWD', 'Microvan', '€8,000', '€1,500–€2,500', 8000.00, 1500.00, 2500.00, (SELECT id FROM public.fuel_types WHERE name = 'Petrol'), (SELECT id FROM public.drive_types WHERE name = 'RWD'), (SELECT id FROM public.body_types WHERE name = 'Microvan'), 5.5, 'L/100km'),
  ((SELECT id FROM public.brands WHERE name = 'Subaru' LIMIT 1), 'JUSTY', 2007, '1.0L Petrol', 68, 'Petrol', '5.4 L/100km', 'FWD', 'Hatchback', '€11,000', '€2,000–€3,000', 11000.00, 2000.00, 3000.00, (SELECT id FROM public.fuel_types WHERE name = 'Petrol'), (SELECT id FROM public.drive_types WHERE name = 'FWD'), (SELECT id FROM public.body_types WHERE name = 'Hatchback'), 5.4, 'L/100km'),
  ((SELECT id FROM public.brands WHERE name = 'Subaru' LIMIT 1), 'DOMINGO', 2004, '1.2L Petrol', 61, 'Petrol', '6.8 L/100km', 'RWD', 'Microvan', '€9,000', '€1,500–€2,000', 9000.00, 1500.00, 2000.00, (SELECT id FROM public.fuel_types WHERE name = 'Petrol'), (SELECT id FROM public.drive_types WHERE name = 'RWD'), (SELECT id FROM public.body_types WHERE name = 'Microvan'), 6.8, 'L/100km'),
  ((SELECT id FROM public.brands WHERE name = 'Subaru' LIMIT 1), 'R1', 2005, '0.7L Petrol', 52, 'Petrol', '4.9 L/100km', 'FWD', 'Mini Car', '€10,000', '€2,000–€3,000', 10000.00, 2000.00, 3000.00, (SELECT id FROM public.fuel_types WHERE name = 'Petrol'), (SELECT id FROM public.drive_types WHERE name = 'FWD'), (SELECT id FROM public.body_types WHERE name = 'Mini Car'), 4.9, 'L/100km'),
  ((SELECT id FROM public.brands WHERE name = 'Subaru' LIMIT 1), 'R2', 2004, '0.7L Petrol', 60, 'Petrol', '5.0 L/100km', 'FWD', 'Mini Car', '€9,000', '€1,500–€2,500', 9000.00, 1500.00, 2500.00, (SELECT id FROM public.fuel_types WHERE name = 'Petrol'), (SELECT id FROM public.drive_types WHERE name = 'FWD'), (SELECT id FROM public.body_types WHERE name = 'Mini Car'), 5.0, 'L/100km'),
  ((SELECT id FROM public.brands WHERE name = 'Subaru' LIMIT 1), 'WRX', 2015, '2.0L Turbo', 268, 'Petrol', '9.8 L/100km', 'AWD', 'Sports Sedan', '€35,000', '€20,000–€24,000', 35000.00, 20000.00, 24000.00, (SELECT id FROM public.fuel_types WHERE name = 'Petrol'), (SELECT id FROM public.drive_types WHERE name = 'AWD'), (SELECT id FROM public.body_types WHERE name = 'Sports Sedan'), 9.8, 'L/100km'),
  ((SELECT id FROM public.brands WHERE name = 'Subaru' LIMIT 1), 'B9 TRIBECA', 2006, '3.0L Petrol', 245, 'Petrol', '11.1 L/100km', 'AWD', 'SUV', '€41,000', '€3,500–€5,500', 41000.00, 3500.00, 5500.00, (SELECT id FROM public.fuel_types WHERE name = 'Petrol'), (SELECT id FROM public.drive_types WHERE name = 'AWD'), (SELECT id FROM public.body_types WHERE name = 'SUV'), 11.1, 'L/100km');
